Player,Time,Half-time,total_distance,HIR_total_distance,HA_actions,HD_actions,VHA_actions,VHD_actions,Expected_goal
10188,"[0.0,5.0]",First-half,793.1068383298194,82.53725193356198,40.0,46.0,3.0,19.0,0.29000000000000004
10188,"[5.0,10.0]",First-half,743.541780600656,50.504265413325825,16.0,15.0,3.0,13.0,4.87
10188,"[10.0,15.0]",First-half,697.0163639462658,57.540171115242245,23.0,26.0,3.0,5.0,3.9300000000000006
10188,"[15.0,20.0]",First-half,672.8446513748163,196.60180722325177,19.0,22.0,0.0,3.0,20.44
10188,"[20.0,25.0]",First-half,516.8456997560577,6.075543142052375,10.0,9.0,0.0,1.0,0.0
10188,"[25.0,30.0]",First-half,644.0501261370682,1.15485362422594,8.0,4.0,0.0,0.0,2.6899999999999995
10188,"[30.0,35.0]",First-half,568.2370915017214,7.6560341788974196,3.0,19.0,2.0,7.0,135.97
10188,"[35.0,40.0]",First-half,698.1895378141962,257.67361918417447,28.0,27.0,5.0,17.0,28.840000000000003
10188,"[40.0,45.0]",First-half,554.6880585392821,59.436135529065524,15.0,7.0,0.0,0.0,37.48
10188,"[45.0,50.0]",First-half,168.6861723218947,0.0,0.0,0.0,0.0,0.0,0.0
10188,"[60.0,65.0]",Second-half,474.56858665070456,9.427198993740449,19.0,5.0,1.0,3.0,13.320000000000004
10188,"[65.0,70.0]",Second-half,674.9046912463566,17.176720945577284,12.0,32.0,4.0,5.0,1.4000000000000001
10188,"[70.0,75.0]",Second-half,584.1095043985225,20.88919618543926,12.0,17.0,5.0,0.0,65.70000000000002
10188,"[75.0,80.0]",Second-half,589.8915669266025,38.88654860930122,1.0,8.0,0.0,0.0,1.6
10188,"[80.0,85.0]",Second-half,650.9348078604605,64.5407505143139,16.0,28.0,5.0,12.0,11.290000000000001
10188,"[85.0,90.0]",Second-half,572.4228894107405,0.0,0.0,4.0,0.0,5.0,3.64
10188,"[90.0,95.0]",Second-half,644.9983487196582,0.0,8.0,9.0,6.0,0.0,0.51
10188,"[95.0,100.0]",Second-half,671.1009385678065,141.69560643895227,20.0,34.0,4.0,1.0,0.21
10188,"[100.0,105.0]",Second-half,509.79491907187503,0.0,10.0,4.0,0.0,5.0,0.6699999999999999
10188,"[105.0,110.0]",Second-half,599.7916907518947,161.8068838535122,29.0,42.0,4.0,4.0,21.910000000000004
10188,"[110.0,110.685]",Second-half,89.49593464072524,0.0,0.0,0.0,0.0,0.0,0.0
10342,"[0.0,5.0]",First-half,758.1292066388897,160.96904946975664,19.0,42.0,12.0,9.0,0.7899999999999999
10342,"[5.0,10.0]",First-half,757.4139278424639,315.2677698614639,29.0,38.0,0.0,11.0,13.680000000000001
10342,"[10.0,15.0]",First-half,667.3355307127293,187.81324397234008,29.0,36.0,1.0,19.0,7.700000000000001
10342,"[15.0,20.0]",First-half,538.0927560795983,32.00393974613376,26.0,12.0,0.0,4.0,110.24000000000001
10342,"[20.0,25.0]",First-half,505.60714447115663,58.85444637262435,23.0,21.0,12.0,9.0,3.6500000000000004
10342,"[25.0,30.0]",First-half,594.316206066678,93.2842596530185,58.0,38.0,8.0,11.0,48.99000000000001
10342,"[30.0,35.0]",First-half,525.0292289424222,109.0311453575654,28.0,23.0,5.0,8.0,28.800000000000004
10342,"[35.0,40.0]",First-half,722.9736142552794,253.87204537394672,35.0,32.0,7.0,16.0,11.520000000000001
10342,"[40.0,45.0]",First-half,511.6741496607981,71.4967234127802,57.0,34.0,4.0,17.0,23.94
10342,"[45.0,50.0]",First-half,206.37076798682352,56.868698307066126,10.0,0.0,6.0,0.0,10.66
10342,"[60.0,65.0]",Second-half,56.35318014135103,5.7458398470765095,0.0,0.0,8.0,8.0,0.0
10447,"[0.0,5.0]",First-half,293.3917076454766,0.0,0.0,0.0,0.0,0.0,381.92
10447,"[5.0,10.0]",First-half,297.8708863906992,0.0,6.0,6.0,0.0,0.0,398.51000000000005
10447,"[10.0,15.0]",First-half,291.56403403922866,0.0,20.0,10.0,3.0,0.0,483.21000000000004
10447,"[15.0,20.0]",First-half,255.61998981689558,0.0,12.0,7.0,0.0,8.0,663.23
10447,"[20.0,25.0]",First-half,286.84650617654904,0.0,27.0,11.0,0.0,13.0,460.06000000000006
10447,"[25.0,30.0]",First-half,242.0291336294075,0.0,17.0,15.0,0.0,3.0,575.1300000000001
10447,"[30.0,35.0]",First-half,305.8981521760282,0.0,14.0,3.0,0.0,4.0,435.77
10447,"[35.0,40.0]",First-half,314.876799146861,0.0,17.0,6.0,0.0,9.0,442.51
10447,"[40.0,45.0]",First-half,281.41106764351963,0.0,4.0,4.0,0.0,0.0,305.28000000000003
10447,"[45.0,50.0]",First-half,152.50300482190983,0.0,11.0,7.0,0.0,0.0,136.1
10447,"[60.0,65.0]",Second-half,250.51169482323644,0.0,2.0,2.0,0.0,0.0,362.78
10447,"[65.0,70.0]",Second-half,254.11943488578277,0.0,6.0,5.0,0.0,0.0,382.81000000000006
10447,"[70.0,75.0]",Second-half,253.04726035185928,0.0,16.0,13.0,5.0,5.0,720.4100000000001
10447,"[75.0,80.0]",Second-half,238.90932496925222,0.0,3.0,1.0,0.0,0.0,624.37
10447,"[80.0,85.0]",Second-half,247.0409760707885,0.0,0.0,0.0,0.0,0.0,536.1300000000001
10447,"[85.0,90.0]",Second-half,298.8482682128906,0.0,12.0,16.0,0.0,8.0,425.95000000000005
10447,"[90.0,95.0]",Second-half,285.26280043849033,0.0,2.0,0.0,0.0,0.0,581.8
10447,"[95.0,100.0]",Second-half,291.8940635950658,0.0,0.0,0.0,0.0,0.0,524.71
10447,"[100.0,105.0]",Second-half,293.0692873086592,0.0,7.0,8.0,4.0,3.0,513.83
10447,"[105.0,110.0]",Second-half,229.71092629327217,0.0,6.0,5.0,0.0,0.0,314.26
10447,"[110.0,110.685]",Second-half,45.504643949530056,0.0,0.0,0.0,0.0,0.0,111.36000000000001
10597,"[0.0,5.0]",First-half,683.8658181055816,10.942461975164363,23.0,26.0,0.0,3.0,20.94
10597,"[5.0,10.0]",First-half,630.5535062528123,125.05967310576555,6.0,15.0,2.0,0.0,29.180000000000007
10597,"[10.0,15.0]",First-half,553.5723215767753,70.87424490621564,24.0,21.0,6.0,14.0,2.4599999999999995
10597,"[15.0,20.0]",First-half,499.2975881872684,78.54509018445393,26.0,20.0,8.0,3.0,1.65
10597,"[20.0,25.0]",First-half,395.2817154745758,0.0,4.0,4.0,2.0,0.0,2.01
10597,"[25.0,30.0]",First-half,566.7759711705742,11.977965854883312,21.0,2.0,4.0,0.0,20.28
10597,"[30.0,35.0]",First-half,522.905451022757,29.054081633993604,10.0,21.0,3.0,3.0,88.83
10597,"[35.0,40.0]",First-half,575.4314484672499,67.67182989949842,10.0,21.0,5.0,13.0,37.03
10597,"[40.0,45.0]",First-half,486.84307685663,75.87246590240278,11.0,8.0,4.0,8.0,77.2
10597,"[45.0,50.0]",First-half,126.13011071104144,0.0,2.0,6.0,0.0,0.0,0.0
10597,"[60.0,65.0]",Second-half,430.6940215618096,101.63508795589613,19.0,14.0,9.0,18.0,23.950000000000003
10597,"[65.0,70.0]",Second-half,563.4307139846701,21.00831275735101,14.0,5.0,4.0,3.0,12.280000000000001
10597,"[70.0,75.0]",Second-half,442.73334750519604,0.0,8.0,12.0,1.0,0.0,1.85
10597,"[75.0,80.0]",Second-half,448.4475605223068,50.2806748845864,5.0,13.0,0.0,0.0,0.0
10597,"[80.0,85.0]",Second-half,555.3080376894693,110.70609089588902,19.0,26.0,4.0,7.0,8.56
10597,"[85.0,90.0]",Second-half,513.7555786591504,67.94959674165074,23.0,14.0,7.0,10.0,17.509999999999998
10597,"[90.0,95.0]",Second-half,471.905010983571,0.0,14.0,16.0,0.0,4.0,0.0
10597,"[95.0,100.0]",Second-half,580.6761218548736,47.852787597183905,25.0,6.0,6.0,4.0,12.57
10597,"[100.0,105.0]",Second-half,443.838712618458,0.0,5.0,3.0,0.0,2.0,0.0
10597,"[105.0,110.0]",Second-half,511.9670312495265,70.03836385592965,32.0,12.0,4.0,7.0,18.01
10597,"[110.0,110.685]",Second-half,94.30074793521561,14.377676583150512,4.0,0.0,5.0,0.0,0.0
11767,"[0.0,5.0]",First-half,802.6566634648331,150.4744582252186,12.0,33.0,6.0,5.0,0.0
11767,"[5.0,10.0]",First-half,770.6748453944983,26.56390055235767,20.0,11.0,3.0,4.0,0.0
11767,"[10.0,15.0]",First-half,684.1568554915328,110.15176840880646,20.0,31.0,3.0,0.0,0.0
11767,"[15.0,20.0]",First-half,657.4376627463307,146.97823406423552,23.0,32.0,6.0,15.0,136.98000000000002
11767,"[20.0,25.0]",First-half,578.0448069036847,5.480851548772632,0.0,11.0,0.0,2.0,0.0
11767,"[25.0,30.0]",First-half,593.6443447232076,163.07230699338146,25.0,20.0,6.0,0.0,77.30000000000001
11767,"[30.0,35.0]",First-half,732.9039170090898,167.59784617194003,33.0,24.0,8.0,5.0,39.269999999999996
11767,"[35.0,40.0]",First-half,777.3979605245859,269.8597511483083,31.0,29.0,9.0,12.0,36.52000000000001
11767,"[40.0,45.0]",First-half,618.7724409746979,83.97001269513459,21.0,13.0,7.0,3.0,16.15
11767,"[45.0,50.0]",First-half,184.5893514215906,17.456469964172182,7.0,1.0,0.0,0.0,0.0
11767,"[60.0,65.0]",Second-half,490.8065347592609,124.44488990417678,35.0,26.0,14.0,32.0,11.670000000000002
11767,"[65.0,70.0]",Second-half,678.7937332169166,69.66110206248719,22.0,12.0,0.0,0.0,0.73
11767,"[70.0,75.0]",Second-half,512.9489093544606,52.22203357200946,7.0,11.0,3.0,2.0,166.10000000000002
11767,"[75.0,80.0]",Second-half,623.3656964272128,16.826826001046918,7.0,3.0,0.0,6.0,70.34000000000002
11767,"[80.0,85.0]",Second-half,660.5154223696973,3.556839769682413,24.0,29.0,5.0,6.0,53.220000000000006
11767,"[85.0,90.0]",Second-half,659.2365575106376,39.566215433322355,15.0,13.0,5.0,1.0,7.199999999999999
11767,"[90.0,95.0]",Second-half,733.5021297217788,9.665658244437154,37.0,10.0,0.0,7.0,7.22
11767,"[95.0,100.0]",Second-half,777.9931845939673,182.09477021264297,19.0,26.0,5.0,2.0,0.6599999999999999
11767,"[100.0,105.0]",Second-half,340.1409039041064,1.6667824803292188,0.0,17.0,0.0,7.0,1.7800000000000002
12717,"[0.0,5.0]",First-half,750.7027787522524,285.4265740622602,55.0,52.0,10.0,37.0,21.22
12717,"[5.0,10.0]",First-half,649.6014162619886,196.71489918891467,22.0,24.0,9.0,14.0,29.749999999999996
12717,"[10.0,15.0]",First-half,628.033622948691,124.43306671502717,25.0,36.0,5.0,15.0,17.3
12717,"[15.0,20.0]",First-half,601.373941502666,64.83124218774357,35.0,23.0,6.0,13.0,48.14
12717,"[20.0,25.0]",First-half,506.3727165289757,44.937415997159576,14.0,13.0,0.0,13.0,12.94
12717,"[25.0,30.0]",First-half,551.1685104109768,158.22706805940422,32.0,27.0,15.0,3.0,64.03000000000002
12717,"[30.0,35.0]",First-half,585.1070362862644,123.41303474794384,22.0,21.0,4.0,9.0,50.05
12717,"[35.0,40.0]",First-half,660.4783536386124,254.52205424241467,29.0,32.0,5.0,17.0,30.14
12717,"[40.0,45.0]",First-half,500.0187596716561,81.24022044110413,41.0,7.0,2.0,3.0,31.859999999999996
12717,"[45.0,50.0]",First-half,172.52275912142915,75.59277082757635,10.0,15.0,0.0,4.0,9.22
12717,"[60.0,65.0]",Second-half,333.29907697867543,84.96489901082877,29.0,31.0,11.0,17.0,0.56
12717,"[65.0,70.0]",Second-half,629.9566720599164,59.62219522485122,11.0,16.0,0.0,8.0,10.44
12717,"[70.0,75.0]",Second-half,634.8570869230613,200.5255086923843,25.0,22.0,6.0,12.0,111.6
12717,"[75.0,80.0]",Second-half,529.2915703975025,127.9287712362069,28.0,19.0,19.0,12.0,46.92000000000001
12717,"[80.0,85.0]",Second-half,576.1439281155563,30.416109690915853,24.0,24.0,0.0,13.0,14.820000000000002
12717,"[85.0,90.0]",Second-half,611.363220219331,62.268514746966176,23.0,15.0,1.0,8.0,43.62
12717,"[90.0,95.0]",Second-half,688.7992570865912,160.08630226294125,30.0,53.0,0.0,9.0,68.70000000000002
12717,"[95.0,100.0]",Second-half,674.103435647964,93.05735257467538,14.0,36.0,6.0,15.0,28.950000000000003
12717,"[100.0,105.0]",Second-half,530.5116443234047,15.455565165282794,30.0,29.0,11.0,13.0,9.41
12717,"[105.0,110.0]",Second-half,524.1626820044798,88.87772094776662,21.0,13.0,6.0,4.0,29.900000000000002
12717,"[110.0,110.685]",Second-half,81.92423055056588,0.0,0.0,3.0,0.0,0.0,2.73
13390,"[0.0,5.0]",First-half,640.419116199178,121.1914048462433,36.0,35.0,11.0,12.0,1.44
13390,"[5.0,10.0]",First-half,703.0875503098343,225.13450876905446,20.0,33.0,4.0,12.0,14.710000000000003
13390,"[10.0,15.0]",First-half,526.917236212958,98.00646003074979,17.0,26.0,11.0,13.0,1.2600000000000002
13390,"[15.0,20.0]",First-half,560.4830885514447,102.62260433193538,23.0,18.0,12.0,17.0,94.97000000000001
13390,"[20.0,25.0]",First-half,475.6223686970208,55.591972624460034,16.0,30.0,8.0,13.0,0.0
13390,"[25.0,30.0]",First-half,588.2300778645518,194.67606767097345,26.0,12.0,7.0,0.0,91.49000000000002
13390,"[30.0,35.0]",First-half,478.9537784860813,13.44128537569978,23.0,24.0,3.0,3.0,91.82000000000001
13390,"[35.0,40.0]",First-half,635.6014496516545,203.93436170358507,16.0,29.0,14.0,19.0,24.560000000000002
13390,"[40.0,45.0]",First-half,499.17995404659325,36.05668829537321,20.0,21.0,8.0,14.0,45.72000000000001
13390,"[45.0,50.0]",First-half,173.57136692696386,14.269500772128838,7.0,10.0,0.0,0.0,0.0
13390,"[60.0,65.0]",Second-half,343.9692138688878,13.969928939838619,24.0,14.0,8.0,0.0,12.990000000000006
13390,"[65.0,70.0]",Second-half,558.813875862324,11.295717293960257,18.0,10.0,7.0,19.0,1.07
13390,"[70.0,75.0]",Second-half,527.7263605652281,34.12772027058541,19.0,29.0,3.0,6.0,80.00000000000001
13390,"[75.0,80.0]",Second-half,537.2766673631169,121.12299432382197,26.0,31.0,6.0,18.0,39.05
13390,"[80.0,85.0]",Second-half,665.0574585063619,102.99069155908577,19.0,29.0,3.0,12.0,23.610000000000007
13390,"[85.0,90.0]",Second-half,566.7594156581431,47.94032913603262,25.0,28.0,1.0,5.0,14.23
13390,"[90.0,95.0]",Second-half,604.4192924755401,18.568721368045033,33.0,25.0,0.0,11.0,0.0
13390,"[95.0,100.0]",Second-half,612.7430580600303,225.6087725822396,8.0,36.0,0.0,3.0,14.200000000000003
13390,"[100.0,105.0]",Second-half,468.0869954945448,16.217676267630335,13.0,35.0,5.0,3.0,0.0
13390,"[105.0,110.0]",Second-half,591.6654994778249,43.329695963525374,25.0,38.0,14.0,3.0,43.15
13390,"[110.0,110.685]",Second-half,123.85133456166334,0.0,3.0,4.0,0.0,5.0,0.0
14232,"[0.0,5.0]",First-half,666.4630397541282,144.79868814149617,30.0,43.0,14.0,20.0,0.11
14232,"[5.0,10.0]",First-half,615.487295721613,135.34273424077435,42.0,19.0,0.0,0.0,6.73
14232,"[10.0,15.0]",First-half,542.7324608219772,57.380752240698236,17.0,24.0,7.0,8.0,0.0
14232,"[15.0,20.0]",First-half,571.3057187778695,59.736873421907006,15.0,25.0,9.0,0.0,52.790000000000006
14232,"[20.0,25.0]",First-half,459.27123346064894,101.55578684220539,14.0,28.0,8.0,8.0,1.78
14232,"[25.0,30.0]",First-half,484.1275540510541,112.49537063307703,9.0,15.0,0.0,4.0,11.810000000000002
14232,"[30.0,35.0]",First-half,571.7320913010742,87.23348953026101,21.0,22.0,17.0,0.0,13.4
14232,"[35.0,40.0]",First-half,667.8112368568925,296.6925406983673,29.0,31.0,14.0,22.0,21.26
14232,"[40.0,45.0]",First-half,509.44832419005,106.13896622659344,10.0,18.0,3.0,7.0,5.9
14232,"[45.0,50.0]",First-half,173.22594859817485,43.07980997556152,0.0,7.0,0.0,0.0,1.5500000000000003
14232,"[60.0,65.0]",Second-half,367.71758127845806,13.630700642300088,17.0,1.0,10.0,7.0,5.390000000000001
14232,"[65.0,70.0]",Second-half,616.4273012196026,51.03654402702755,14.0,12.0,1.0,6.0,0.0
14232,"[70.0,75.0]",Second-half,455.66371382414167,40.01651464020664,23.0,17.0,13.0,6.0,73.02
14232,"[75.0,80.0]",Second-half,575.4307110837673,89.48755595846922,13.0,20.0,5.0,12.0,18.860000000000003
14232,"[80.0,85.0]",Second-half,192.24759377360306,21.191958061905424,13.0,2.0,0.0,3.0,2.1100000000000003
14324,"[0.0,5.0]",First-half,723.3425068561239,193.81195551440587,34.0,46.0,10.0,14.0,1.3599999999999999
14324,"[5.0,10.0]",First-half,734.858957968559,179.36857271379398,31.0,30.0,9.0,26.0,17.720000000000002
14324,"[10.0,15.0]",First-half,614.2460914072801,73.80599096851934,35.0,29.0,5.0,8.0,12.470000000000002
14324,"[15.0,20.0]",First-half,562.411765984805,69.81967657388462,27.0,12.0,0.0,8.0,149.09
14324,"[20.0,25.0]",First-half,507.7742935758033,39.1133372424618,14.0,27.0,1.0,0.0,9.63
14324,"[25.0,30.0]",First-half,532.9961968245548,35.869861776305875,7.0,21.0,15.0,5.0,125.32000000000001
14324,"[30.0,35.0]",First-half,615.0911082871071,82.2266305035059,19.0,30.0,8.0,10.0,15.060000000000002
14324,"[35.0,40.0]",First-half,689.3731748232663,119.41562796207533,10.0,51.0,11.0,7.0,8.250000000000002
14324,"[40.0,45.0]",First-half,564.258846878908,64.37312095565443,18.0,17.0,7.0,11.0,4.359999999999999
14324,"[45.0,50.0]",First-half,201.09457388677487,31.778660898902864,13.0,7.0,4.0,3.0,9.510000000000002
14324,"[60.0,65.0]",Second-half,468.04595043682343,111.06207246903233,6.0,16.0,1.0,0.0,1.6800000000000002
14324,"[65.0,70.0]",Second-half,627.5564381947069,117.5623551819748,11.0,18.0,0.0,1.0,3.6799999999999997
14324,"[70.0,75.0]",Second-half,484.2195041930131,38.99014850720444,24.0,50.0,16.0,5.0,180.31000000000003
14324,"[75.0,80.0]",Second-half,519.9546970143481,0.0,17.0,29.0,8.0,6.0,102.28
14324,"[80.0,85.0]",Second-half,540.8081496813589,44.38619324844651,29.0,30.0,3.0,9.0,93.08
14324,"[85.0,90.0]",Second-half,563.0689122729964,58.24363480368474,13.0,18.0,9.0,14.0,19.420000000000005
14324,"[90.0,95.0]",Second-half,643.7973510099397,70.73608686174839,36.0,27.0,4.0,17.0,39.510000000000005
14324,"[95.0,100.0]",Second-half,629.1145014319745,36.005197433780836,27.0,24.0,3.0,0.0,28.46
14324,"[100.0,105.0]",Second-half,496.7923789743869,0.0,11.0,12.0,2.0,0.0,53.35000000000001
14324,"[105.0,110.0]",Second-half,402.0673451263814,13.138642007615974,19.0,6.0,0.0,5.0,72.47
14324,"[110.0,110.685]",Second-half,109.18970504927967,0.0,4.0,6.0,0.0,0.0,6.41
15422,"[0.0,5.0]",First-half,639.514466940238,50.10645184680795,25.0,30.0,2.0,6.0,17.750000000000004
15422,"[5.0,10.0]",First-half,622.3717122023394,28.226241654114663,14.0,33.0,4.0,5.0,16.91
15422,"[10.0,15.0]",First-half,568.2185899932497,32.987146992446235,4.0,19.0,0.0,5.0,3.5300000000000002
15422,"[15.0,20.0]",First-half,571.0662205206136,6.4011212968364175,12.0,19.0,7.0,4.0,88.5
15422,"[20.0,25.0]",First-half,495.34361192819586,21.24713611587644,12.0,9.0,11.0,0.0,3.3600000000000003
15422,"[25.0,30.0]",First-half,583.7112776686589,31.485578735019214,14.0,15.0,12.0,1.0,74.88
15422,"[30.0,35.0]",First-half,505.37656383703484,66.73661806671707,14.0,37.0,10.0,8.0,59.23
15422,"[35.0,40.0]",First-half,591.8241402232063,113.35361261467628,29.0,29.0,5.0,6.0,48.52000000000001
15422,"[40.0,45.0]",First-half,594.0352120106803,136.70900543514773,31.0,28.0,2.0,11.0,103.97000000000003
15422,"[45.0,50.0]",First-half,141.82263941822197,0.0,2.0,3.0,0.0,5.0,1.05
15422,"[60.0,65.0]",Second-half,403.7808017890827,10.688068300679971,24.0,21.0,12.0,15.0,16.04
15422,"[65.0,70.0]",Second-half,570.033629530272,0.0,33.0,22.0,7.0,7.0,6.29
15422,"[70.0,75.0]",Second-half,475.37189456202157,47.9583657559452,15.0,5.0,0.0,7.0,13.839999999999998
15422,"[75.0,80.0]",Second-half,561.5980046945688,9.7857238668605,16.0,12.0,0.0,0.0,40.81000000000001
15422,"[80.0,85.0]",Second-half,565.9271347540655,74.94364342997623,16.0,18.0,0.0,0.0,35.38
15422,"[85.0,90.0]",Second-half,510.78605612514946,17.78635418799854,21.0,0.0,5.0,0.0,32.27
15422,"[90.0,95.0]",Second-half,519.5603342005577,39.16915066668584,7.0,15.0,0.0,7.0,0.0
15422,"[95.0,100.0]",Second-half,653.3035901027004,151.9170655503877,40.0,42.0,0.0,8.0,3.1900000000000004
15422,"[100.0,105.0]",Second-half,501.9004570738803,85.66933605577691,18.0,9.0,0.0,2.0,0.0
15422,"[105.0,110.0]",Second-half,447.5189025956063,111.40050774294967,26.0,16.0,2.0,7.0,126.92
15422,"[110.0,110.685]",Second-half,95.5577755319176,0.0,3.0,0.0,0.0,0.0,0.0
16029,"[0.0,5.0]",First-half,674.5300023187477,125.70893123565206,30.0,27.0,5.0,20.0,27.77
16029,"[5.0,10.0]",First-half,651.0770742552755,96.68498009419976,16.0,38.0,4.0,6.0,50.17
16029,"[10.0,15.0]",First-half,599.6522410273208,59.56839756242176,19.0,28.0,0.0,10.0,28.56
16029,"[15.0,20.0]",First-half,571.1642975459916,8.12226214883098,29.0,23.0,0.0,0.0,120.13000000000002
16029,"[20.0,25.0]",First-half,522.7429731576858,93.57539194537244,6.0,34.0,0.0,0.0,26.180000000000003
16029,"[25.0,30.0]",First-half,434.9022490071369,28.71463017812332,8.0,28.0,14.0,0.0,152.45000000000002
16029,"[30.0,35.0]",First-half,620.5978337486321,179.9952708006049,34.0,29.0,5.0,17.0,17.62
16029,"[35.0,40.0]",First-half,657.1372069263653,84.98194329516086,24.0,41.0,7.0,11.0,41.62
16029,"[40.0,45.0]",First-half,522.8539570390662,44.42108739770075,13.0,3.0,5.0,8.0,39.279999999999994
16029,"[45.0,50.0]",First-half,174.21431993058368,57.47057819046825,4.0,10.0,5.0,4.0,11.239999999999998
16029,"[60.0,65.0]",Second-half,419.4959774288743,138.00061220796547,52.0,45.0,8.0,11.0,1.8099999999999998
16029,"[65.0,70.0]",Second-half,566.2677854212632,111.6651778921208,14.0,32.0,0.0,16.0,17.58
16029,"[70.0,75.0]",Second-half,489.26665947144676,2.3459902256788325,34.0,50.0,4.0,14.0,272.37
16029,"[75.0,80.0]",Second-half,562.1744466154787,75.76890739336149,32.0,25.0,6.0,12.0,100.21000000000002
16029,"[80.0,85.0]",Second-half,568.0747396067544,127.06881315230203,15.0,16.0,3.0,21.0,72.52
16029,"[85.0,90.0]",Second-half,571.5624867807387,34.331517292965586,9.0,10.0,0.0,0.0,70.30000000000001
16029,"[90.0,95.0]",Second-half,654.3419342788412,109.50346370554755,12.0,22.0,3.0,11.0,100.86000000000001
16029,"[95.0,100.0]",Second-half,604.8027957287527,5.169845471039032,21.0,21.0,2.0,4.0,35.1
16029,"[100.0,105.0]",Second-half,530.2002080835728,56.300365212210075,15.0,21.0,0.0,1.0,30.43
16029,"[105.0,110.0]",Second-half,445.29206317868704,0.0,12.0,26.0,7.0,4.0,62.459999999999994
16029,"[110.0,110.685]",Second-half,114.10588256715855,4.539501365479962,17.0,8.0,0.0,2.0,5.430000000000001
16336,"[0.0,5.0]",First-half,647.8685464922746,142.7620901284682,33.0,26.0,5.0,5.0,6.610000000000001
16336,"[5.0,10.0]",First-half,634.0862851395145,114.58695274523527,11.0,38.0,0.0,8.0,26.390000000000008
16336,"[10.0,15.0]",First-half,599.6390409246394,139.99497460590402,29.0,39.0,9.0,9.0,29.610000000000003
16336,"[15.0,20.0]",First-half,460.9516596128832,0.0,20.0,24.0,0.0,3.0,178.32999999999998
16336,"[20.0,25.0]",First-half,526.1331909754867,27.947178277593643,21.0,9.0,0.0,0.0,49.50000000000001
16336,"[25.0,30.0]",First-half,563.3649533437019,144.8752133105906,35.0,19.0,11.0,14.0,186.31
16336,"[30.0,35.0]",First-half,556.3425144247435,79.90172242876609,8.0,21.0,11.0,9.0,17.68
16336,"[35.0,40.0]",First-half,552.2244643681697,142.4017395020503,29.0,30.0,5.0,2.0,16.900000000000002
16336,"[40.0,45.0]",First-half,454.3170000496939,0.0,26.0,15.0,0.0,0.0,27.89
16336,"[45.0,50.0]",First-half,175.8638166372636,34.04731714903243,5.0,11.0,2.0,0.0,14.610000000000001
16336,"[60.0,65.0]",Second-half,375.160518345834,59.35965086758024,20.0,17.0,11.0,4.0,8.450000000000001
16336,"[65.0,70.0]",Second-half,545.4580747475313,33.53917588553478,15.0,14.0,0.0,8.0,18.32
16336,"[70.0,75.0]",Second-half,544.3455635292689,77.60358741323533,36.0,18.0,16.0,16.0,246.98000000000002
16336,"[75.0,80.0]",Second-half,529.8493114639994,19.234325605156886,16.0,31.0,2.0,16.0,142.6
16336,"[80.0,85.0]",Second-half,447.94468718537394,87.55837587106417,14.0,22.0,7.0,17.0,98.13000000000001
16336,"[85.0,90.0]",Second-half,450.1026248716242,78.39222447301168,13.0,12.0,0.0,6.0,111.91
16336,"[90.0,95.0]",Second-half,511.8104322397198,146.55476956336207,9.0,44.0,5.0,5.0,166.28000000000003
16336,"[95.0,100.0]",Second-half,464.8321827020505,7.3055342304809034,16.0,15.0,5.0,8.0,51.620000000000005
16336,"[100.0,105.0]",Second-half,407.9518560344777,0.0,7.0,8.0,3.0,0.0,57.400000000000006
16336,"[105.0,110.0]",Second-half,361.99065311088134,1.7117779947072316,16.0,17.0,6.0,0.0,86.87
16336,"[110.0,110.685]",Second-half,80.22248688980378,8.64634725097853,0.0,8.0,0.0,9.0,10.029999999999998
22934,"[0.0,5.0]",First-half,797.98917516252,148.06284386987204,36.0,30.0,0.0,4.0,0.9600000000000001
22934,"[5.0,10.0]",First-half,733.9689291127588,127.50370794850743,5.0,13.0,0.0,3.0,10.330000000000002
22934,"[10.0,15.0]",First-half,697.7806212702021,77.02214894608329,27.0,29.0,0.0,13.0,0.0
22934,"[15.0,20.0]",First-half,643.5538042633439,89.51706801560577,21.0,34.0,0.0,5.0,3.1199999999999997
22934,"[20.0,25.0]",First-half,531.0775542207459,18.383779808944865,16.0,25.0,0.0,16.0,0.0
22934,"[25.0,30.0]",First-half,633.3565110873658,165.48195866184315,28.0,30.0,1.0,7.0,4.28
22934,"[30.0,35.0]",First-half,542.3834610336432,76.77554245796674,2.0,21.0,0.0,3.0,83.47000000000001
22934,"[35.0,40.0]",First-half,656.7418637516329,141.52957041744074,21.0,26.0,2.0,6.0,13.57
22934,"[40.0,45.0]",First-half,520.9737043187168,9.727151182256089,11.0,3.0,0.0,2.0,37.830000000000005
22934,"[45.0,50.0]",First-half,166.22557320091792,9.285434749778181,5.0,0.0,1.0,0.0,0.0
22934,"[60.0,65.0]",Second-half,412.1442801512982,13.266536586464456,5.0,5.0,9.0,9.0,3.58
22934,"[65.0,70.0]",Second-half,662.5238750005421,57.5258491507585,19.0,23.0,3.0,2.0,0.06
22934,"[70.0,75.0]",Second-half,553.3962250874879,95.70399051417843,24.0,18.0,0.0,0.0,56.440000000000005
22934,"[75.0,80.0]",Second-half,576.6277252877273,43.30319920892067,25.0,26.0,0.0,0.0,2.45
22934,"[80.0,85.0]",Second-half,646.0108573004167,0.0,3.0,20.0,0.0,9.0,4.67
22934,"[85.0,90.0]",Second-half,601.7522889995521,59.199978278920454,5.0,10.0,0.0,0.0,14.620000000000001
22934,"[90.0,95.0]",Second-half,659.2385097476756,52.97787550495653,10.0,16.0,10.0,3.0,0.0
22934,"[95.0,100.0]",Second-half,672.9817033622396,19.338032783360145,13.0,35.0,0.0,6.0,1.7800000000000002
22934,"[100.0,105.0]",Second-half,526.8714653681184,4.139474463519918,13.0,28.0,8.0,0.0,0.46
22934,"[105.0,110.0]",Second-half,564.9332219836389,86.74816572221398,15.0,15.0,8.0,4.0,21.01
22934,"[110.0,110.685]",Second-half,94.85244499373138,0.0,3.0,5.0,0.0,1.0,0.0
32454,"[0.0,5.0]",First-half,775.0774637448494,33.43849978634988,38.0,44.0,5.0,6.0,0.16
32454,"[5.0,10.0]",First-half,663.7774374137433,62.32620788161221,22.0,34.0,2.0,15.0,10.630000000000003
32454,"[10.0,15.0]",First-half,593.4432257897629,66.97991524488341,24.0,14.0,8.0,25.0,0.69
32454,"[15.0,20.0]",First-half,610.8195576156702,77.86478376010488,39.0,19.0,4.0,5.0,86.59000000000002
32454,"[20.0,25.0]",First-half,524.5499565565923,8.73681240077343,23.0,15.0,4.0,5.0,1.42
32454,"[25.0,30.0]",First-half,512.1158602690605,74.33076769424103,11.0,15.0,6.0,0.0,61.94000000000001
32454,"[30.0,35.0]",First-half,659.598555168615,11.780501602422573,25.0,33.0,0.0,10.0,45.89999999999999
32454,"[35.0,40.0]",First-half,738.8504599161893,214.9584817937986,56.0,28.0,3.0,13.0,9.670000000000002
32454,"[40.0,45.0]",First-half,599.4901295512263,57.157019825254224,20.0,22.0,6.0,12.0,26.500000000000004
32454,"[45.0,50.0]",First-half,180.15000990162787,72.0760728162888,12.0,2.0,7.0,8.0,3.6500000000000004
32454,"[60.0,65.0]",Second-half,407.54849400923933,38.09282207934709,21.0,13.0,0.0,5.0,0.0
32454,"[65.0,70.0]",Second-half,676.4546885631123,157.38103235728212,51.0,31.0,3.0,18.0,0.5700000000000001
32454,"[70.0,75.0]",Second-half,552.9546622901776,12.197321076858959,11.0,8.0,0.0,0.0,143.15000000000003
32454,"[75.0,80.0]",Second-half,562.5759760144474,9.820454517216413,26.0,26.0,7.0,10.0,74.15
32454,"[80.0,85.0]",Second-half,633.9499284092077,166.24796950658578,19.0,32.0,11.0,15.0,70.83
32454,"[85.0,90.0]",Second-half,637.2692666700245,74.08675665282622,28.0,25.0,0.0,4.0,12.52
32454,"[90.0,95.0]",Second-half,684.9184392145821,122.52991832721266,42.0,42.0,11.0,10.0,24.75
32454,"[95.0,100.0]",Second-half,699.4266017363462,105.25114385715293,35.0,26.0,8.0,9.0,5.45
32454,"[100.0,105.0]",Second-half,499.3219608740456,50.73101619337475,39.0,31.0,12.0,7.0,36.7
32454,"[105.0,110.0]",Second-half,492.6914860350411,54.31226580993562,23.0,35.0,0.0,1.0,80.7
32454,"[110.0,110.685]",Second-half,116.22239044654677,9.084225737115752,3.0,2.0,0.0,8.0,0.28
35507,"[0.0,5.0]",First-half,261.0258332118323,0.0,0.0,1.0,0.0,0.0,535.49
35507,"[5.0,10.0]",First-half,289.12517326828635,0.0,12.0,0.0,0.0,0.0,403.02
35507,"[10.0,15.0]",First-half,227.7581895125158,0.0,0.0,6.0,0.0,3.0,336.09000000000003
35507,"[15.0,20.0]",First-half,246.62967155713727,0.0,10.0,12.0,2.0,0.0,156.84
35507,"[20.0,25.0]",First-half,224.16656150976013,0.0,0.0,0.0,0.0,0.0,367.28999999999996
35507,"[25.0,30.0]",First-half,276.6675721832038,11.020923742871346,10.0,6.0,9.0,1.0,443.65999999999997
35507,"[30.0,35.0]",First-half,227.2561234371626,0.0,5.0,2.0,0.0,0.0,501.19000000000005
35507,"[35.0,40.0]",First-half,252.8485033835737,1.1668590223422675,17.0,5.0,0.0,8.0,301.72
35507,"[40.0,45.0]",First-half,278.3379302055489,0.0,4.0,2.0,0.0,0.0,449.86
35507,"[45.0,50.0]",First-half,98.09776971008891,0.0,0.0,0.0,0.0,0.0,56.49
35507,"[60.0,65.0]",Second-half,202.1375875978659,0.0,0.0,2.0,0.0,0.0,385.91999999999996
35507,"[65.0,70.0]",Second-half,276.5375877741942,7.261539663956128,12.0,4.0,8.0,0.0,352.58000000000004
35507,"[70.0,75.0]",Second-half,257.0559374371299,0.0,0.0,0.0,0.0,0.0,242.67000000000002
35507,"[75.0,80.0]",Second-half,238.89631731772096,9.01639845094998,3.0,6.0,0.0,3.0,149.21
35507,"[80.0,85.0]",Second-half,251.198578210245,0.0,14.0,5.0,2.0,0.0,235.75
35507,"[85.0,90.0]",Second-half,222.4760449892504,0.0,5.0,10.0,0.0,0.0,321.1500000000001
35507,"[90.0,95.0]",Second-half,168.72895020795056,0.0,0.0,0.0,0.0,0.0,152.09
35507,"[95.0,100.0]",Second-half,230.87689444647017,2.3393296463753717,8.0,10.0,5.0,0.0,181.18
35507,"[100.0,105.0]",Second-half,227.80084639941126,0.0,12.0,3.0,7.0,0.0,88.42000000000002
35507,"[105.0,110.0]",Second-half,200.1122940478968,0.0,0.0,4.0,0.0,0.0,331.8200000000001
35507,"[110.0,110.685]",Second-half,49.68627086932858,0.0,2.0,2.0,0.0,0.0,6.360000000000002
41245,"[0.0,5.0]",First-half,795.2864694129249,120.77464304577111,30.0,60.0,7.0,23.0,3.0100000000000002
41245,"[5.0,10.0]",First-half,777.8918212895906,357.029548055296,11.0,42.0,0.0,14.0,36.59
41245,"[10.0,15.0]",First-half,667.4395843382814,23.335903453192184,30.0,21.0,3.0,8.0,18.950000000000003
41245,"[15.0,20.0]",First-half,630.6202627180339,44.64372544258492,35.0,14.0,12.0,8.0,141.82
41245,"[20.0,25.0]",First-half,641.4291177077968,11.190358375049264,13.0,38.0,0.0,8.0,16.3
41245,"[25.0,30.0]",First-half,541.3223053058477,78.30671685866838,19.0,16.0,5.0,10.0,98.24000000000001
41245,"[30.0,35.0]",First-half,711.2246697342729,138.27084344407007,32.0,48.0,0.0,12.0,70.52
41245,"[35.0,40.0]",First-half,755.3501198966505,208.42685618827974,18.0,24.0,0.0,0.0,40.77
41245,"[40.0,45.0]",First-half,713.1122829101157,109.11375652443118,20.0,13.0,6.0,0.0,56.33
41245,"[45.0,50.0]",First-half,186.67543098781272,20.408652829965018,5.0,0.0,1.0,0.0,6.220000000000001
41245,"[60.0,65.0]",Second-half,479.28995198981306,41.18581579758404,6.0,23.0,6.0,8.0,0.7000000000000002
41245,"[65.0,70.0]",Second-half,668.6404401397729,146.7840129096633,13.0,38.0,0.0,2.0,25.06
41245,"[70.0,75.0]",Second-half,124.1825997640545,12.41676899557892,6.0,8.0,0.0,0.0,81.23
51687,"[0.0,5.0]",First-half,2008.7586779578537,0.0,0.0,0.0,0.0,0.0,34.790000000000006
51687,"[5.0,10.0]",First-half,1621.0285996843045,0.0,0.0,0.0,0.0,0.0,69.93
51687,"[10.0,15.0]",First-half,1624.1223779905813,0.0,0.0,0.0,0.0,0.0,62.55
51687,"[15.0,20.0]",First-half,1484.7831483259986,0.0,0.0,0.0,0.0,0.0,35.99
51687,"[20.0,25.0]",First-half,1253.4485017588363,0.0,0.0,0.0,0.0,0.0,164.97
51687,"[25.0,30.0]",First-half,1132.3411905372427,0.0,0.0,0.0,0.0,0.0,150.88
51687,"[30.0,35.0]",First-half,1593.1987859355886,0.0,0.0,0.0,0.0,0.0,61.300000000000004
51687,"[35.0,40.0]",First-half,1550.3690253760346,0.0,0.0,0.0,0.0,0.0,61.730000000000004
51687,"[40.0,45.0]",First-half,1318.1579364820113,0.0,0.0,0.0,0.0,0.0,65.41
51687,"[45.0,50.0]",First-half,1085.227454024977,0.0,0.0,0.0,0.0,0.0,50.959999999999994
51687,"[50.0,55.0]",Second-half,298.2257383943419,0.0,0.0,0.0,0.0,0.0,0.0
51687,"[55.0,60.0]",Second-half,8109.6050104597725,0.0,0.0,0.0,0.0,0.0,15.9
51687,"[60.0,65.0]",Second-half,1469.4631327969582,0.0,0.0,0.0,0.0,0.0,60.54
51687,"[65.0,70.0]",Second-half,1619.2702831880758,0.0,0.0,0.0,0.0,0.0,35.36
51687,"[70.0,75.0]",Second-half,1280.7882141812752,0.0,0.0,0.0,0.0,0.0,336.90999999999997
51687,"[75.0,80.0]",Second-half,1369.678476739291,0.0,0.0,0.0,0.0,0.0,78.78999999999999
51687,"[80.0,85.0]",Second-half,1565.1982960290295,0.0,0.0,0.0,0.0,0.0,91.38
51687,"[85.0,90.0]",Second-half,1514.6881277194093,0.0,0.0,0.0,0.0,0.0,88.61
51687,"[90.0,95.0]",Second-half,1865.6756732693318,0.0,0.0,0.0,0.0,0.0,66.05000000000001
51687,"[95.0,100.0]",Second-half,1921.1391288242612,0.0,0.0,0.0,0.0,0.0,67.71
51687,"[100.0,105.0]",Second-half,1466.1973246980037,0.0,0.0,0.0,0.0,0.0,62.33999999999999
51687,"[105.0,110.0]",Second-half,1095.7275648818445,0.0,0.0,0.0,0.0,0.0,96.47
51687,"[110.0,110.685]",Second-half,397.7097291890931,0.0,0.0,0.0,0.0,0.0,0.6300000000000001
56279,"[0.0,5.0]",First-half,626.3351382021293,17.728072989975743,15.0,36.0,0.0,6.0,4.24
56279,"[5.0,10.0]",First-half,698.8531053837279,229.69963108244428,22.0,44.0,4.0,25.0,6.47
56279,"[10.0,15.0]",First-half,555.4571297069659,134.33477224300145,47.0,35.0,1.0,25.0,0.22999999999999998
56279,"[15.0,20.0]",First-half,506.07484872690407,69.90234873779977,14.0,11.0,2.0,10.0,0.7000000000000001
56279,"[20.0,25.0]",First-half,545.5589784322453,142.24865445579053,10.0,32.0,8.0,23.0,9.14
56279,"[25.0,30.0]",First-half,575.8693391420466,217.9782354263483,34.0,38.0,9.0,11.0,9.75
56279,"[30.0,35.0]",First-half,528.408327927825,211.98909003795302,15.0,20.0,21.0,13.0,81.17000000000003
56279,"[35.0,40.0]",First-half,671.7298405507703,302.34798887435454,33.0,24.0,11.0,4.0,32.18000000000001
56279,"[40.0,45.0]",First-half,544.6799380107501,54.80886937104036,14.0,24.0,6.0,2.0,51.85000000000001
56279,"[45.0,50.0]",First-half,151.43744315987155,0.0,0.0,0.0,0.0,0.0,0.6799999999999999
56279,"[60.0,65.0]",Second-half,312.08150313130375,25.420192177642555,16.0,6.0,8.0,8.0,23.699999999999996
56279,"[65.0,70.0]",Second-half,599.0407024247461,43.837728800033624,38.0,43.0,0.0,6.0,2.3800000000000003
56279,"[70.0,75.0]",Second-half,592.3447728931494,192.1755762955701,43.0,19.0,8.0,17.0,98.82000000000001
56279,"[75.0,80.0]",Second-half,472.9339100779141,52.81042752604429,17.0,12.0,0.0,9.0,18.040000000000003
56279,"[80.0,85.0]",Second-half,568.0819165106741,50.01439529611848,8.0,15.0,3.0,3.0,23.75
56279,"[85.0,90.0]",Second-half,606.2332769240187,151.07756375661674,23.0,19.0,0.0,7.0,43.82
56279,"[90.0,95.0]",Second-half,617.4044263409635,89.5459870416156,38.0,48.0,20.0,12.0,10.34
56279,"[95.0,100.0]",Second-half,619.8727345321374,194.79145906024362,19.0,34.0,12.0,28.0,8.36
56279,"[100.0,105.0]",Second-half,480.64506018648126,37.84432780357052,24.0,7.0,0.0,10.0,5.91
56279,"[105.0,110.0]",Second-half,431.99377720907756,0.0,11.0,13.0,5.0,0.0,104.00999999999999
56279,"[110.0,110.685]",Second-half,100.76967141133491,3.95370411197435,3.0,6.0,0.0,0.0,0.8599999999999999
57599,"[0.0,5.0]",First-half,698.8968663436787,176.84775204229211,5.0,22.0,6.0,4.0,9.48
57599,"[5.0,10.0]",First-half,631.7481648664611,75.43736382373847,17.0,34.0,0.0,10.0,24.78
57599,"[10.0,15.0]",First-half,598.0922910784154,103.71983702829091,27.0,47.0,0.0,8.0,30.71
57599,"[15.0,20.0]",First-half,514.4138079121138,0.0,9.0,4.0,3.0,2.0,240.28
57599,"[20.0,25.0]",First-half,509.0797443570098,33.74675828550569,8.0,19.0,1.0,16.0,33.410000000000004
57599,"[25.0,30.0]",First-half,402.6644593847849,11.96072903504821,25.0,28.0,3.0,12.0,165.36
57599,"[30.0,35.0]",First-half,624.2174289381651,14.847861041123622,14.0,7.0,0.0,0.0,43.46
57599,"[35.0,40.0]",First-half,612.7073307986383,67.76941122972632,31.0,17.0,4.0,0.0,16.370000000000005
57599,"[40.0,45.0]",First-half,567.0041241752839,51.18778341684612,36.0,31.0,1.0,7.0,25.250000000000004
57599,"[45.0,50.0]",First-half,174.7632595616099,75.01745547793519,5.0,10.0,0.0,10.0,23.89
57599,"[60.0,65.0]",Second-half,368.17632646424363,40.928186516162256,16.0,6.0,8.0,8.0,8.66
57599,"[65.0,70.0]",Second-half,566.3545662837867,39.96248627920451,6.0,12.0,0.0,6.0,14.64
57599,"[70.0,75.0]",Second-half,436.63253932483224,3.3725802560877503,13.0,19.0,2.0,8.0,172.45
57599,"[75.0,80.0]",Second-half,516.2388004321641,6.992753893691583,9.0,37.0,0.0,0.0,176.47000000000003
57599,"[80.0,85.0]",Second-half,491.5330496639445,99.04593595847558,9.0,15.0,0.0,19.0,135.32999999999998
57599,"[85.0,90.0]",Second-half,540.1901081297583,57.520930733183924,15.0,12.0,0.0,1.0,93.92000000000002
57599,"[90.0,95.0]",Second-half,627.6937867596534,134.73619967822822,26.0,32.0,4.0,15.0,98.19000000000001
57599,"[95.0,100.0]",Second-half,608.3792174716531,14.17605719472658,6.0,21.0,0.0,6.0,64.12
57599,"[100.0,105.0]",Second-half,504.28235233735586,0.0,9.0,19.0,0.0,0.0,108.82000000000002
57599,"[105.0,110.0]",Second-half,422.17099303717924,7.733287471843707,28.0,15.0,0.0,2.0,106.67
57599,"[110.0,110.685]",Second-half,100.15413000781388,5.4507574729505635,0.0,7.0,0.0,7.0,19.619999999999997
64901,"[0.0,5.0]",First-half,698.2809437231836,89.60073997106186,40.0,33.0,9.0,13.0,0.0
64901,"[5.0,10.0]",First-half,666.7346023396818,170.14692625417516,14.0,40.0,9.0,14.0,5.530000000000001
64901,"[10.0,15.0]",First-half,607.722852469233,0.0,28.0,38.0,11.0,2.0,0.0
64901,"[15.0,20.0]",First-half,511.86870820708435,130.31825010542903,38.0,29.0,29.0,14.0,27.18
64901,"[20.0,25.0]",First-half,527.2740540692859,54.646306133382154,21.0,41.0,4.0,18.0,41.42
64901,"[25.0,30.0]",First-half,552.2692947379912,56.28759960338506,14.0,16.0,15.0,7.0,57.83000000000001
64901,"[30.0,35.0]",First-half,560.8174354485441,187.0279660447322,15.0,28.0,11.0,11.0,77.89999999999998
64901,"[35.0,40.0]",First-half,646.6769029255559,241.94371175197227,30.0,47.0,12.0,6.0,27.69
64901,"[40.0,45.0]",First-half,523.390506877844,98.60490126960818,20.0,18.0,3.0,3.0,36.75000000000001
64901,"[45.0,50.0]",First-half,184.84752710730476,77.47359597876556,4.0,7.0,6.0,0.0,5.8100000000000005
64901,"[60.0,65.0]",Second-half,433.98942536879497,69.43778591578577,21.0,26.0,10.0,8.0,2.93
64901,"[65.0,70.0]",Second-half,657.2636324334514,174.50698966413066,42.0,37.0,11.0,12.0,21.080000000000002
64901,"[70.0,75.0]",Second-half,570.5915739138361,144.53901233862825,35.0,38.0,16.0,14.0,100.43
64901,"[75.0,80.0]",Second-half,497.5436529523598,47.28409387073667,43.0,49.0,0.0,4.0,61.280000000000015
64901,"[80.0,85.0]",Second-half,536.2230115333692,112.52567333826316,29.0,26.0,5.0,0.0,68.85000000000001
64901,"[85.0,90.0]",Second-half,580.9431954742928,89.1447228075336,27.0,28.0,3.0,8.0,30.060000000000002
64901,"[90.0,95.0]",Second-half,575.1627897517542,157.72021500275707,25.0,40.0,4.0,8.0,75.37
64901,"[95.0,100.0]",Second-half,610.3663067104011,83.35967876888033,25.0,33.0,8.0,14.0,52.5
64901,"[100.0,105.0]",Second-half,290.0994133453914,3.5374172239387844,16.0,11.0,0.0,10.0,35.77
74401,"[0.0,5.0]",First-half,683.3172769681723,113.64598708339095,38.0,28.0,0.0,5.0,17.11
74401,"[5.0,10.0]",First-half,630.2601267053583,104.15944583023706,23.0,40.0,6.0,13.0,32.650000000000006
74401,"[10.0,15.0]",First-half,602.6551206315377,104.30871281563432,22.0,16.0,0.0,6.0,46.75
74401,"[15.0,20.0]",First-half,539.8738792192281,0.0,24.0,33.0,10.0,14.0,160.57999999999998
74401,"[20.0,25.0]",First-half,603.9969269577024,81.14777026986792,22.0,16.0,4.0,16.0,70.22
74401,"[25.0,30.0]",First-half,434.3490142120925,4.217130632401359,15.0,29.0,18.0,8.0,158.55
74401,"[30.0,35.0]",First-half,626.0288738949916,72.3503330944331,12.0,19.0,6.0,4.0,58.78000000000001
74401,"[35.0,40.0]",First-half,584.3894679090743,57.89597552851894,37.0,29.0,2.0,22.0,31.42
74401,"[40.0,45.0]",First-half,602.3140553846724,126.49202887239385,17.0,13.0,9.0,0.0,53.890000000000015
74401,"[45.0,50.0]",First-half,184.09732283758174,60.852677399257594,0.0,10.0,0.0,0.0,34.480000000000004
74401,"[60.0,65.0]",Second-half,401.106109315779,75.60145481094928,11.0,4.0,11.0,10.0,3.92
74401,"[65.0,70.0]",Second-half,572.2193793469396,113.33403309511232,32.0,24.0,1.0,10.0,36.290000000000006
74401,"[70.0,75.0]",Second-half,510.09427486095706,44.01073286640197,33.0,19.0,8.0,13.0,249.87
74401,"[75.0,80.0]",Second-half,501.6116991074709,10.55127458237818,18.0,21.0,3.0,5.0,144.43000000000004
74401,"[80.0,85.0]",Second-half,480.09586703218787,43.423895668012264,26.0,22.0,2.0,6.0,116.33
74401,"[85.0,90.0]",Second-half,557.3125145875829,89.87961089302792,10.0,18.0,9.0,7.0,108.21000000000001
74401,"[90.0,95.0]",Second-half,610.4550505505049,84.19756564568019,15.0,18.0,0.0,7.0,169.07
74401,"[95.0,100.0]",Second-half,563.00018028813,9.377745523272592,0.0,10.0,0.0,0.0,63.91000000000001
74401,"[100.0,105.0]",Second-half,491.35770024149025,7.787589832232792,16.0,11.0,0.0,3.0,63.730000000000004
74401,"[105.0,110.0]",Second-half,375.0498260902596,0.0,17.0,18.0,6.0,1.0,70.73
74401,"[110.0,110.685]",Second-half,90.67750990485837,0.0,4.0,19.0,0.0,6.0,11.370000000000003
98486,"[0.0,5.0]",First-half,845.8761368282354,191.9767188817479,25.0,19.0,2.0,7.0,9.700000000000001
98486,"[5.0,10.0]",First-half,688.7099677420251,165.45882931927565,22.0,28.0,10.0,1.0,12.05
98486,"[10.0,15.0]",First-half,598.9975282843935,126.39347865784933,18.0,20.0,4.0,24.0,1.2899999999999998
98486,"[15.0,20.0]",First-half,638.879832193797,167.78532424194273,14.0,22.0,7.0,12.0,101.92000000000002
98486,"[20.0,25.0]",First-half,489.34728255865514,24.01751106093815,29.0,15.0,0.0,4.0,4.840000000000001
98486,"[25.0,30.0]",First-half,485.3543143244393,21.654542622002428,21.0,21.0,5.0,4.0,60.13000000000002
98486,"[30.0,35.0]",First-half,575.3951335140969,94.5552925738888,44.0,24.0,11.0,8.0,60.32
98486,"[35.0,40.0]",First-half,643.498316788314,210.42224615449487,31.0,14.0,14.0,5.0,27.15
98486,"[40.0,45.0]",First-half,651.6118222149215,229.8938065207708,46.0,32.0,7.0,9.0,55.32000000000001
98486,"[45.0,50.0]",First-half,121.1083190098401,6.778211130762335,6.0,4.0,0.0,0.0,0.0
98486,"[60.0,65.0]",Second-half,474.7534254416945,55.25606791286104,55.0,25.0,10.0,2.0,6.180000000000001
98486,"[65.0,70.0]",Second-half,642.6596992160912,69.05711511236329,14.0,28.0,0.0,0.0,0.8299999999999998
98486,"[70.0,75.0]",Second-half,524.4665501291045,103.98992555565327,4.0,15.0,5.0,15.0,73.48000000000002
98486,"[75.0,80.0]",Second-half,610.24760595914,75.97390260430059,18.0,21.0,6.0,5.0,29.97
98486,"[80.0,85.0]",Second-half,687.8979563362122,80.24883015891574,31.0,21.0,4.0,9.0,43.94000000000001
98486,"[85.0,90.0]",Second-half,641.4543928337544,48.37459000953103,21.0,20.0,3.0,7.0,19.09
98486,"[90.0,95.0]",Second-half,657.170364899163,76.6406722615875,19.0,21.0,0.0,6.0,4.200000000000001
98486,"[95.0,100.0]",Second-half,781.6591226990877,42.580425883859775,31.0,36.0,5.0,12.0,0.46
98486,"[100.0,105.0]",Second-half,534.977840738826,54.458964356676255,30.0,21.0,7.0,8.0,0.45000000000000007
98486,"[105.0,110.0]",Second-half,675.0356025294718,273.5267656932656,31.0,41.0,6.0,4.0,66.52000000000001
98486,"[110.0,110.685]",Second-half,126.2858644675692,6.536043515213794,5.0,8.0,0.0,1.0,0.0
99063,"[0.0,5.0]",First-half,723.6788211682182,89.36955358445073,14.0,5.0,0.0,0.0,1.27
99063,"[5.0,10.0]",First-half,639.543268091247,149.98060575576892,16.0,16.0,3.0,12.0,4.359999999999999
99063,"[10.0,15.0]",First-half,539.0000735454026,88.21677205226999,6.0,14.0,0.0,15.0,0.0
99063,"[15.0,20.0]",First-half,613.9312754676748,102.92802324588729,12.0,9.0,0.0,6.0,9.170000000000002
99063,"[20.0,25.0]",First-half,497.1750093954166,86.66719486629731,23.0,22.0,2.0,6.0,1.67
99063,"[25.0,30.0]",First-half,426.75919732834814,62.02132379475423,12.0,21.0,0.0,7.0,5.22
99063,"[30.0,35.0]",First-half,589.309989424973,18.170409179930264,2.0,19.0,0.0,1.0,20.810000000000002
99063,"[35.0,40.0]",First-half,705.0548546828963,202.8718660004439,18.0,36.0,13.0,0.0,11.73
99063,"[40.0,45.0]",First-half,494.93526719183046,12.141912200642723,16.0,14.0,0.0,4.0,14.36
99063,"[45.0,50.0]",First-half,162.32215985532306,31.465488916420217,8.0,6.0,0.0,8.0,8.280000000000001
99063,"[60.0,65.0]",Second-half,396.7926079527888,48.23810848526916,11.0,6.0,9.0,12.0,5.319999999999999
99063,"[65.0,70.0]",Second-half,674.295359536684,56.38187854728238,23.0,15.0,3.0,13.0,6.58
99063,"[70.0,75.0]",Second-half,548.5599950369765,68.99890412262324,19.0,17.0,3.0,6.0,111.22000000000001
99063,"[75.0,80.0]",Second-half,61.549770977325366,0.0,0.0,0.0,0.0,0.0,0.0
