Unnamed: 0,Start_Ts (ms),End_Ts (ms),X,Y,Player,Event,expGoal
8,1000,1200,1.7,-0.4,16336,Pass,0.0
13,1800,3600,-14.2,-3.5,10188,Pass,0.0
16,4600,6200,-29.0,-16.7,15422,Pass,0.0
19,7100,8300,-35.5,8.1,10597,Pass,0.07
21,8300,8300,-30.8,23.0,13390,Pass,0.0
28,15500,16900,-26.4,19.6,10597,Pass,0.0
30,16900,18400,-36.4,24.8,13390,Pass,0.01
34,19500,21000,-44.6,-0.8,35507,Pass,0.2
37,22300,24300,-37.1,-16.7,15422,Pass,0.03
41,33400,34500,-23.6,11.3,10597,Pass,0.0
43,34400,36200,-17.9,0.0,10188,Pass,0.0
48,38800,40800,-36.1,-8.0,35507,Pass,0.07
52,44600,46000,-24.9,15.9,10597,Pass,0.0
55,47100,48900,-25.2,29.2,13390,Pass,0.0
59,50100,51200,-13.5,30.8,12717,Pass,0.0
62,51100,54000,-21.9,25.4,22934,Pass,0.0
69,54000,55800,8.5,17.9,13603,Pass,0.0
74,55700,56800,-19.4,19.4,10597,Pass,0.0
78,56900,58100,-16.1,11.4,10188,Pass,0.0
83,59500,67900,-6.2,0.2,10342,Pass,0.0
92,67900,69100,-6.4,-30.3,14324,Pass,0.0
95,69000,70300,-22.6,-33.3,99063,Pass,0.0
100,70200,71500,-27.1,-20.1,15422,Pass,0.0
104,71400,72100,-12.6,-27.8,14324,Pass,0.0
107,72100,73000,-17.6,-23.0,32454,Pass,0.0
112,74300,74500,-23.0,-33.1,99063,Pass,0.0
117,74500,74800,-25.0,-31.8,56279,Pass,0.0
122,76200,77300,-31.2,-30.4,14324,Pass,0.0
124,77200,79100,-32.2,-24.4,98486,Pass,0.0
132,83000,83200,-27.3,-32.9,32454,Pass,0.0
135,83100,83300,-27.8,-31.5,10188,Pass,0.0
142,86900,88200,-31.7,-25.1,10188,Pass,0.0
147,88500,93200,-22.8,-15.7,22934,Pass,0.0
152,93300,93300,27.3,-25.6,13603,Pass,0.0
158,110300,112800,26.9,-34.3,56279,Pass,0.0
161,114000,117000,-5.2,-25.2,15422,Pass,0.0
164,118400,120400,-10.0,6.8,10597,Pass,0.0
166,120300,121700,5.3,29.9,12717,Pass,0.0
170,123400,125600,-13.9,17.8,13390,Pass,0.0
173,127100,129100,-22.4,-19.0,15422,Pass,0.0
176,130400,131700,-18.9,2.2,10597,Pass,0.0
179,132500,134100,-8.7,9.3,64901,Pass,0.0
183,138700,140000,-23.0,14.5,10597,Pass,0.0
187,141800,144000,-32.1,22.6,13390,Pass,0.0
191,147400,150500,-39.4,-3.3,35507,Pass,0.2
196,151800,152100,9.1,-12.5,16336,Pass,0.0
202,152100,153500,7.8,-10.4,41245,Pass,0.0
206,153500,155000,-7.3,-19.6,15422,Pass,0.0
209,156800,159000,-0.2,-30.9,56279,Pass,0.0
212,159000,160000,28.0,-21.6,16336,Pass,0.0
217,160000,162000,26.1,-20.9,14324,Pass,0.0
220,163700,163900,14.9,-9.0,11767,Pass,0.0
227,168900,176400,-3.6,14.1,11767,Pass,0.0
232,176600,177400,-18.4,18.9,41245,Pass,0.0
234,177400,178300,-17.3,10.2,32454,Pass,0.0
237,178200,180000,-23.5,16.8,86518,Pass,0.0
242,184300,185200,-0.6,16.4,16029,Pass,0.0
245,186600,187700,0.2,7.6,41245,Pass,0.0
248,189600,190800,12.4,7.7,13603,Pass,0.0
251,191000,193400,-0.5,-0.9,32454,Pass,0.0
254,193500,195300,10.0,-28.0,57599,Pass,0.0
257,196500,197700,-12.8,-32.4,14324,Pass,0.0
260,198700,199300,-22.0,-14.8,98486,Pass,0.0
264,200400,202600,-18.2,-9.0,11767,Pass,0.0
272,205500,208400,-15.2,31.5,12717,Pass,0.0
277,209500,210700,12.1,27.1,16029,Pass,0.0
280,211900,212600,-2.7,28.5,41245,Pass,0.0
283,213500,214000,-1.5,33.1,86518,Pass,0.0
287,214500,215500,-4.5,30.4,41245,Pass,0.0
297,218500,219900,-13.3,18.4,64901,Pass,0.0
300,221200,223100,-29.6,22.2,10597,Pass,0.0
303,224500,226000,-41.9,0.7,35507,Pass,0.2
307,229100,231600,-29.1,-13.6,15422,Pass,0.0
311,236500,238400,-20.4,10.5,10597,Pass,0.0
316,240200,243500,-8.3,30.2,22934,Pass,0.0
320,243400,247600,34.9,8.7,13603,Pass,0.07
326,248300,249400,19.5,31.6,13390,Pass,0.0
330,249500,249800,12.7,27.4,11767,Pass,0.0
334,250100,251900,15.2,27.4,86518,Pass,0.0
338,252900,253600,9.0,20.8,10188,Pass,0.0
342,257300,258000,18.9,31.3,22934,Pass,0.0
345,259100,260500,16.8,26.6,16336,Pass,0.0
348,261300,263500,1.6,27.9,13390,Pass,0.0
352,265300,266900,-0.3,-12.6,15422,Pass,0.0
355,269300,270900,11.0,-30.8,56279,Pass,0.0
359,272200,274400,-14.3,-23.8,15422,Pass,0.0
362,275400,277400,-39.2,-9.3,35507,Pass,0.08
365,279100,281100,-23.0,-20.3,15422,Pass,0.0
369,287000,288400,-11.4,13.2,10597,Pass,0.0
372,290200,293000,-15.8,24.9,13390,Pass,0.0
375,295400,297500,-37.5,-6.0,35507,Pass,0.08
380,304000,304500,7.6,8.9,10597,Pass,0.0
384,304500,306000,18.6,14.3,16029,Pass,0.0
388,306200,307800,20.1,11.6,41245,Pass,0.0
391,308000,308500,1.2,19.6,86518,Pass,0.0
397,314700,316500,-9.4,-0.5,11767,Pass,0.0
401,317200,317200,-12.6,-25.4,14324,Pass,0.0
410,348000,351000,-31.3,-27.3,35507,Pass,0.0
417,351000,351400,14.9,8.7,41245,Pass,0.0
422,351400,352500,14.7,9.3,64901,Pass,0.0
427,352500,354300,20.7,18.1,16029,Pass,0.0
431,354300,355500,4.2,21.2,13390,Pass,0.0
434,356000,357400,10.8,26.0,12717,Pass,0.0
437,358200,359700,-4.7,21.9,22934,Pass,0.0
439,359700,362000,-1.7,28.9,13390,Pass,0.0
443,364800,366000,-21.4,18.0,10597,Pass,0.0
446,366700,367700,-13.4,10.8,10188,Pass,0.0
449,368600,370500,-22.9,15.0,10597,Pass,0.0
452,374000,376000,-26.0,-10.1,15422,Pass,0.0
455,376800,378500,-26.4,12.7,10597,Pass,0.0
459,380200,381500,-20.7,6.7,64901,Pass,0.0
461,381500,383500,-30.5,-14.1,15422,Pass,0.0
467,389000,392700,-36.3,-2.1,35507,Pass,0.07
474,392700,394400,15.6,-22.1,14324,Pass,0.0
479,394400,396100,6.6,-8.8,64901,Pass,0.0
483,396000,399000,13.4,-24.1,14324,Pass,0.0
489,399000,402800,-4.8,-6.9,22934,Pass,0.0
491,402800,404100,-35.1,-10.4,35507,Pass,0.03
497,408000,412000,-15.9,-21.4,15422,Pass,0.0
501,412200,413000,39.2,-29.9,56279,Pass,0.01
505,412900,412900,42.2,-18.5,57599,Pass,0.03
512,429900,430900,39.0,-34.1,56279,Pass,0.01
516,431600,432300,38.1,-28.7,10342,Pass,0.01
521,432500,432700,37.6,-31.6,99063,Pass,0.01
524,432600,434000,36.8,-33.1,56279,Pass,0.01
530,434200,436000,30.3,-21.0,10188,Pass,0.0
535,436100,436500,18.8,-20.5,98486,Pass,0.0
538,438400,439200,23.9,-15.1,11767,Pass,0.0
541,439800,441900,15.2,-19.2,98486,Pass,0.0
545,445500,446900,-30.8,-22.6,99063,Pass,0.0
548,446900,446900,-31.0,-4.5,41245,Pass,0.0
560,469500,475900,-25.0,-20.3,15422,Pass,0.0
563,476900,478500,-11.5,32.1,13390,Pass,0.0
568,485600,486200,25.2,18.4,12717,Pass,0.0
571,486100,488200,29.1,11.5,13603,Pass,0.0
574,488200,488200,20.2,11.4,11767,Pass,0.0
582,514300,517100,17.0,31.9,16029,Pass,0.0
585,517000,518400,-29.5,14.7,10597,Pass,0.0
591,520200,520700,-23.2,22.6,22934,Pass,0.0
594,521200,522200,-21.6,26.9,13390,Pass,0.0
597,522900,525300,-32.1,27.7,22934,Pass,0.0
600,526600,528000,-43.1,1.4,35507,Pass,0.2
603,528600,529900,-34.6,-12.0,15422,Pass,0.03
607,534500,536700,-19.7,-11.4,10188,Pass,0.0
610,537800,539800,-20.0,13.7,10597,Pass,0.0
614,544300,545900,27.4,19.1,12717,Pass,0.0
617,544500,547500,31.0,16.8,16029,Pass,0.0
621,546000,544500,41.4,15.9,13390,Pass,0.03
626,547500,547700,45.9,7.0,57599,Pass,0.08
632,548000,548000,46.4,9.5,16336,Pass,0.08
639,577300,580900,47.9,2.7,10447,Pass,0.22
642,580800,583600,-16.2,-5.9,98486,Pass,0.0
651,586600,588400,-8.4,-26.6,56279,Pass,0.0
655,591800,595000,-20.5,-18.7,15422,Pass,0.0
661,595000,596000,25.8,10.8,16029,Pass,0.0
666,598100,598100,18.5,11.9,41245,Pass,0.0
674,627500,632500,15.7,13.8,13603,Pass,0.0
679,634600,637300,-48.6,13.2,35507,Pass,0.03
683,639100,640300,-30.2,-16.8,15422,Pass,0.0
686,641300,644200,-17.8,-13.4,10188,Pass,0.0
690,647300,648200,12.7,-27.4,56279,Pass,0.0
694,649300,649300,11.6,-15.8,10188,Pass,0.0
699,676800,680000,48.3,2.8,10447,Pass,0.22
703,680000,680000,-8.6,-26.3,99063,Pass,0.0
711,697200,698600,-15.0,-33.8,56279,Pass,0.0
716,698500,700500,-0.9,-29.7,16336,Pass,0.0
722,700500,702000,7.4,-21.8,13603,Pass,0.0
724,702000,703000,-3.4,-27.9,32454,Pass,0.0
729,703500,704400,-1.9,-19.7,11767,Pass,0.0
734,704400,706900,-14.4,-21.0,15422,Pass,0.0
738,707100,708300,6.0,-19.9,57599,Pass,0.0
742,710500,714000,18.2,-1.5,13603,Pass,0.0
744,714000,716300,1.9,0.1,11767,Pass,0.0
748,716400,718100,36.4,-4.7,10447,Pass,0.07
752,724800,726300,13.9,-21.7,57599,Pass,0.0
755,727200,727200,22.8,2.3,13603,Pass,0.0
763,743000,745100,-6.9,34.6,16029,Pass,0.0
766,745000,745600,-25.3,32.4,98486,Pass,0.0
773,746300,749300,-31.1,28.3,10597,Pass,0.0
777,749500,751000,-9.4,27.8,16029,Pass,0.0
780,751000,751000,-24.5,32.9,98486,Pass,0.0
787,763000,763700,-17.7,34.7,13390,Pass,0.0
790,763900,764600,-18.4,28.2,10188,Pass,0.0
794,767800,767800,-12.4,33.0,13390,Pass,0.0
801,791600,798000,9.1,21.6,22934,Pass,0.0
807,798500,798700,10.4,19.9,98486,Pass,0.0
811,799500,799900,9.4,20.5,11767,Pass,0.0
816,801400,802400,8.9,13.9,10597,Pass,0.0
819,803400,805400,9.6,-4.6,10342,Pass,0.0
823,809400,810800,31.9,-24.5,56279,Pass,0.0
827,811700,812400,30.3,-5.9,10342,Pass,0.0
832,812500,812700,37.1,-1.6,13603,Pass,0.2
838,814500,815600,35.6,-2.8,16336,Pass,0.07
844,816200,820800,36.9,5.0,41245,Pass,0.08
852,821300,822300,28.8,16.3,86518,Pass,0.0
855,822500,824000,14.2,9.7,11767,Pass,0.0
858,824500,826200,16.8,-2.3,32454,Pass,0.0
862,826500,828600,12.7,-17.8,14324,Pass,0.0
866,829200,834500,-1.1,-32.9,99063,Pass,0.0
875,837500,838900,27.9,-12.0,10188,Pass,0.0
879,839300,840300,43.1,-17.7,10342,Pass,0.03
885,852500,854500,45.7,0.3,10447,Pass,0.2
888,856200,858800,34.8,-25.1,57599,Pass,0.01
891,858700,860400,-4.4,-32.5,99063,Pass,0.0
899,861800,863700,-6.7,-11.0,22934,Pass,0.0
903,864600,866300,-24.3,-13.6,15422,Pass,0.0
906,867400,869100,-22.0,9.8,10597,Pass,0.0
910,870900,872200,-7.0,23.0,22934,Pass,0.0
915,876800,879800,6.0,27.1,13390,Pass,0.0
920,882800,884400,38.2,-2.4,10447,Pass,0.2
923,886900,888000,29.2,-19.2,14324,Pass,0.0
926,888900,890300,22.5,-11.3,57599,Pass,0.0
929,890300,891800,0.6,-8.1,98486,Pass,0.0
934,892000,893100,-1.1,-1.8,22934,Pass,0.0
939,897300,898900,-10.5,-14.4,15422,Pass,0.0
941,898900,901400,-9.7,-31.6,56279,Pass,0.0
945,902400,904400,-32.6,-5.1,35507,Pass,0.07
948,906300,908400,-23.5,9.8,10597,Pass,0.0
952,910100,911300,-19.1,-24.8,15422,Pass,0.0
955,911400,913900,-8.6,-14.9,10188,Pass,0.0
957,913800,916400,-22.4,-20.6,15422,Pass,0.0
962,918200,919700,-20.3,9.9,10597,Pass,0.0
964,919700,921000,-14.2,24.1,13390,Pass,0.0
969,930100,930100,13.2,17.9,10597,Pass,0.0
978,967700,969600,50.5,34.0,22934,Pass,0.01
987,970500,973700,42.6,3.7,11767,Pass,0.2
992,975800,977400,7.6,13.8,10597,Pass,0.0
996,979900,981700,12.4,21.4,22934,Pass,0.0
999,982600,985500,-6.4,13.1,10597,Pass,0.0
1002,986300,987500,3.9,-21.9,56279,Pass,0.0
1005,990600,991700,19.4,-29.7,10342,Pass,0.0
1008,992500,993200,15.0,-23.5,10188,Pass,0.0
1010,993200,995100,12.4,-28.1,10342,Pass,0.0
1014,996100,997900,-3.9,-18.5,15422,Pass,0.0
1017,998800,1000200,-8.8,10.0,10597,Pass,0.0
1021,1002400,1003300,-5.1,20.0,64901,Pass,0.0
1024,1006000,1006000,-13.7,11.6,10597,Pass,0.0
1032,1077500,1079200,24.4,-31.6,22934,Pass,0.0
1036,1079200,1080100,40.5,-2.5,57599,Pass,0.2
1042,1081100,1081100,45.1,8.3,14324,Pass,0.08
1049,1098000,1100300,34.2,34.6,13390,Pass,0.01
1058,1105200,1105200,48.2,16.9,13603,Pass,0.03
1064,1110700,1111800,24.8,34.9,13390,Pass,0.0
1067,1114200,1115200,17.3,33.3,22934,Pass,0.0
1070,1115500,1119300,10.6,25.7,10188,Pass,0.0
1072,1119300,1120100,-29.5,0.4,35507,Pass,0.0
1077,1122600,1124700,-22.7,-8.9,15422,Pass,0.0
1080,1125800,1128600,-35.4,6.3,35507,Pass,0.07
1084,1132500,1133400,-15.7,17.3,10597,Pass,0.0
1087,1133900,1135900,-25.6,12.0,22934,Pass,0.0
1089,1135900,1137800,-40.0,-2.4,35507,Pass,0.2
1093,1137900,1140000,-29.6,-17.2,15422,Pass,0.0
1096,1144300,1145900,-38.0,-4.4,35507,Pass,0.08
1100,1150800,1152800,6.4,3.1,10188,Pass,0.0
1105,1157300,1161500,32.8,-30.5,10342,Pass,0.01
1110,1161600,1162400,32.8,14.9,86518,Pass,0.03
1115,1163500,1167200,36.7,24.1,16029,Pass,0.01
1119,1168000,1170900,-18.3,32.7,10597,Pass,0.0
1122,1170900,1172500,-37.0,9.1,35507,Pass,0.08
1126,1173700,1175200,-26.4,-4.9,15422,Pass,0.0
1128,1175100,1176700,-9.0,-5.1,10188,Pass,0.0
1132,1178500,1179900,-21.0,-7.8,15422,Pass,0.0
1135,1180900,1182500,-24.3,11.6,10597,Pass,0.0
1138,1184300,1187400,-18.5,29.1,13390,Pass,0.0
1141,1189000,1190700,-41.5,-6.1,35507,Pass,0.08
1145,1196800,1198200,-2.6,-8.5,10188,Pass,0.0
1149,1201100,1202100,19.1,-29.3,10342,Pass,0.0
1153,1204600,1206100,20.9,-28.5,56279,Pass,0.0
1157,1208900,1209900,8.0,-24.0,15422,Pass,0.0
1162,1211600,1214200,20.7,-11.4,10188,Pass,0.0
1171,1241100,1244700,39.0,-2.5,10447,Pass,0.2
1174,1244600,1247400,-21.1,-6.3,10597,Pass,0.0
1180,1247600,1248300,2.2,-11.0,16336,Pass,0.0
1184,1248500,1249900,0.0,-12.9,10342,Pass,0.0
1188,1249900,1250100,6.6,-9.7,13603,Pass,0.0
1191,1250000,1252800,6.3,-9.5,13603,Pass,0.0
1197,1253000,1253600,4.8,1.5,22934,Pass,0.0
1200,1254200,1255400,5.1,-5.6,64901,Pass,0.0
1204,1259400,1261700,26.6,-20.5,10342,Pass,0.0
1208,1261900,1263000,43.1,-29.5,56279,Pass,0.01
1212,1263000,1264200,45.6,-7.6,57599,Pass,0.08
1216,1266100,1266400,30.3,-17.6,99063,Pass,0.0
1221,1266900,1267700,33.0,-16.5,32454,Pass,0.03
1227,1268000,1268000,24.4,-15.6,10188,Pass,0.0
1232,1293500,1297500,48.0,5.3,10447,Pass,0.09
1238,1297400,1299100,-20.2,-6.5,98486,Pass,0.0
1244,1299100,1300300,-23.1,-17.7,56279,Pass,0.0
1246,1300200,1301800,-19.3,-9.7,22934,Pass,0.0
1251,1303400,1304300,-2.7,-7.3,10342,Pass,0.0
1254,1304200,1304200,-8.3,-3.9,64901,Pass,0.0
1263,1324500,1328800,22.8,34.6,16029,Pass,0.0
1268,1329200,1331400,-19.8,21.9,15422,Pass,0.0
1270,1331400,1333000,-39.0,5.1,35507,Pass,0.08
1275,1335100,1336600,-25.7,2.4,15422,Pass,0.0
1278,1338600,1340305,-18.9,19.9,10597,Pass,0.0
1280,1340305,1342800,10.4,34.0,13390,Pass,0.0
1284,1342700,1346500,-41.9,13.5,35507,Pass,0.03
1288,1346400,1348300,12.6,6.8,13603,Pass,0.0
1292,1348300,1350700,-9.3,13.5,98486,Pass,0.0
1298,1352300,1355400,-28.3,2.0,15422,Pass,0.0
1300,1355300,1356800,-11.1,-31.4,56279,Pass,0.0
1304,1360400,1361600,-8.5,-20.0,10188,Pass,0.0
1307,1364700,1365400,-14.2,-11.1,15422,Pass,0.0
1309,1365400,1367400,-7.6,-9.7,22934,Pass,0.0
1313,1367800,1371600,-1.4,-32.2,10188,Pass,0.0
1316,1371600,1371600,38.4,-13.9,56279,Pass,0.03
1325,1412600,1417800,48.2,0.8,10447,Pass,0.37
1330,1418300,1420500,-22.2,11.6,13390,Pass,0.0
1333,1421500,1421500,-43.7,6.6,35507,Pass,0.08
1337,1428300,1434000,-18.0,32.1,13390,Pass,0.0
1346,1499100,1500500,-24.5,15.0,10597,Pass,0.0
1350,1504500,1506000,-23.2,-5.5,10188,Pass,0.0
1353,1506400,1508500,-34.5,-12.2,15422,Pass,0.03
1356,1509700,1511900,-44.3,1.7,35507,Pass,0.2
1360,1513300,1516200,-33.4,27.7,10597,Pass,0.01
1364,1516400,1518800,6.6,32.2,12717,Pass,0.0
1372,1521700,1522700,14.3,11.2,13603,Pass,0.0
1375,1523600,1525800,20.4,22.8,16029,Pass,0.0
1378,1525700,1529600,44.9,11.4,10447,Pass,0.03
1383,1529500,1531100,-12.8,16.3,10597,Pass,0.0
1389,1535700,1537300,-19.8,30.7,41245,Pass,0.0
1393,1538800,1541700,-3.5,21.3,16029,Pass,0.0
1398,1541900,1541900,-31.5,-23.8,56279,Pass,0.0
1403,1546200,1549100,-34.2,-34.6,99063,Pass,0.01
1407,1549700,1551000,-13.0,-23.8,32454,Pass,0.0
1409,1550900,1552700,-23.8,-33.2,14324,Pass,0.0
1415,1555600,1556500,-18.2,-22.2,32454,Pass,0.0
1420,1556500,1557800,-30.1,-13.1,15422,Pass,0.0
1425,1557800,1560100,-32.4,-4.1,98486,Pass,0.0
1430,1561800,1563500,-37.7,0.2,35507,Pass,0.2
1434,1565700,1567500,-9.3,11.1,22934,Pass,0.0
1437,1567600,1568500,16.6,-7.6,16336,Pass,0.0
1441,1570500,1572000,20.6,-14.9,64901,Pass,0.0
1444,1572900,1572900,38.3,-23.5,10342,Pass,0.01
1452,1650000,1666100,40.3,0.6,16336,Pass,0.2
1458,1695700,1697400,-0.4,-0.1,98486,Pass,0.0
1461,1698500,1700100,18.9,-10.3,57599,Pass,0.0
1465,1701100,1701100,26.3,4.2,13603,Pass,0.0
1473,1745100,1759000,29.2,-33.2,22934,Pass,0.0
1481,1763500,1765500,38.2,-4.6,10447,Pass,0.08
1486,1767800,1772900,25.1,-31.4,14324,Pass,0.0
1492,1778400,1780700,-40.7,-11.2,35507,Pass,0.03
1495,1781300,1783600,-31.9,22.9,13390,Pass,0.0
1499,1785200,1787000,-10.8,30.7,22934,Pass,0.0
1501,1786900,1788600,-5.4,14.4,64901,Pass,0.0
1505,1789400,1791100,-23.4,17.6,10597,Pass,0.0
1508,1792500,1794100,-13.0,25.7,13390,Pass,0.0
1512,1795800,1797546,-27.2,11.3,10597,Pass,0.0
1515,1797746,1799400,-25.5,-14.5,15422,Pass,0.0
1519,1808200,1811900,-39.8,-5.9,35507,Pass,0.08
1528,1812000,1812000,5.6,-30.6,14324,Pass,0.0
1529,1812000,1812000,6.0,-31.0,56279,Pass,0.0
1537,1841300,1841300,7.5,-29.7,10188,Pass,0.0
1543,1857000,1859300,49.0,-2.3,10447,Pass,0.22
1547,1860500,1863100,44.2,-25.5,57599,Pass,0.01
1554,1863100,1865600,-3.1,-26.7,10342,Pass,0.0
1562,1872000,1873200,-43.1,-27.6,98486,Pass,0.01
1569,1873200,1873200,-45.9,-3.8,10597,Pass,0.2
1576,1899200,1901100,-52.5,-33.3,86518,Pass,0.01
1581,1901100,1940900,-47.0,4.5,41245,Pass,0.0
1586,1960500,1964200,0.6,-0.3,16336,Pass,0.0
1590,1965300,1973900,-26.3,-22.1,15422,Pass,0.0
1597,1973900,1975900,42.2,-19.8,57599,Pass,0.03
1602,1976400,1977500,12.9,-22.1,10188,Pass,0.0
1604,1977400,1977400,20.4,-26.6,10342,Pass,0.0
1610,1984600,1985500,16.0,-18.6,10188,Pass,0.0
1613,1986500,1987500,24.6,-27.8,10342,Pass,0.0
1616,1990900,1993500,25.9,-33.1,56279,Pass,0.0
1619,1994200,1996600,-6.1,-22.7,15422,Pass,0.0
1623,2000900,2002800,-12.4,7.7,10597,Pass,0.0
1626,2003500,2005200,0.5,28.8,12717,Pass,0.0
1629,2005500,2007500,-13.3,22.4,13390,Pass,0.0
1632,2010600,2011600,-21.0,6.7,10597,Pass,0.0
1636,2012400,2014700,-5.7,1.9,10188,Pass,0.0
1640,2014800,2016600,25.6,17.4,16029,Pass,0.0
1644,2016600,2020000,45.6,5.7,10447,Pass,0.08
1651,2022200,2022900,-22.1,-3.5,10597,Pass,0.0
1653,2022900,2024200,-12.6,-7.0,10188,Pass,0.0
1658,2029400,2031200,-16.8,1.1,10597,Pass,0.0
1661,2032200,2033400,-16.9,22.8,13390,Pass,0.0
1663,2033300,2035000,-5.7,32.9,12717,Pass,0.0
1667,2037100,2038200,-15.7,21.5,13390,Pass,0.0
1670,2038400,2039400,-9.5,11.7,10188,Pass,0.0
1673,2040800,2043300,-15.9,17.6,13390,Pass,0.0
1677,2047200,2049600,-10.3,-26.4,15422,Pass,0.0
1681,2055700,2056900,-16.1,7.3,10597,Pass,0.0
1683,2056800,2057700,-6.6,0.5,10188,Pass,0.0
1686,2057700,2059400,-3.7,9.6,22934,Pass,0.0
1691,2061400,2064600,-15.5,7.4,10597,Pass,0.0
1697,2064700,2066500,18.0,-24.5,14324,Pass,0.0
1701,2066500,2069700,3.4,-21.4,99063,Pass,0.0
1707,2069700,2072000,-14.4,-10.8,15422,Pass,0.0
1711,2078700,2082100,-34.9,-5.5,35507,Pass,0.07
1714,2082000,2084300,10.8,-26.5,16336,Pass,0.0
1719,2085000,2086400,-8.9,-30.6,56279,Pass,0.0
1723,2091500,2093200,-25.3,-22.1,15422,Pass,0.0
1726,2094500,2096300,-31.6,5.4,10597,Pass,0.0
1730,2098600,2100700,-34.4,17.8,13390,Pass,0.03
1733,2100600,2104100,-44.4,-2.3,35507,Pass,0.2
1741,2104100,2106000,0.0,-2.5,57599,Pass,0.0
1745,2105900,2109400,4.5,3.1,12717,Pass,0.0
1751,2109500,2109500,31.5,-18.8,14324,Pass,0.0
1757,2119400,2121700,7.0,-36.1,56279,Pass,0.0
1760,2123900,2125200,-9.3,-25.9,15422,Pass,0.0
1762,2125200,2126300,5.7,-32.8,56279,Pass,0.0
1766,2127600,2131700,6.9,-24.4,10188,Pass,0.0
1770,2134100,2134494,50.1,-23.3,10342,Pass,0.01
1774,2134694,2136200,50.5,-20.9,14324,Pass,0.01
1777,2136300,2138500,43.3,0.6,41245,Pass,0.2
1781,2138500,2140400,27.5,-1.0,11767,Pass,0.0
1786,2140400,2142100,7.4,-7.0,15422,Pass,0.0
1791,2149100,2150300,-14.1,9.4,10597,Pass,0.0
1794,2151100,2152200,-9.2,24.4,13390,Pass,0.0
1798,2153300,2156600,3.8,26.1,22934,Pass,0.0
1804,2164400,2165800,40.5,6.0,10447,Pass,0.08
1808,2169400,2171900,30.9,14.8,13603,Pass,0.0
1812,2173200,2175700,46.3,6.4,10447,Pass,0.08
1819,2177900,2178600,15.3,33.4,13390,Pass,0.0
1824,2179700,2181300,23.9,29.9,41245,Pass,0.0
1827,2182600,2183600,7.7,30.9,86518,Pass,0.0
1830,2183900,2186700,-1.2,24.7,98486,Pass,0.0
1836,2188500,2190100,-37.7,17.3,11767,Pass,0.03
1843,2192800,2194000,-37.3,8.6,35507,Pass,0.08
1847,2196000,2197500,-17.3,6.7,22934,Pass,0.0
1849,2197400,2197400,-1.3,19.4,64901,Pass,0.0
1854,2202400,2219200,-15.6,25.0,13390,Pass,0.0
1860,2221800,2222900,28.8,25.3,12717,Pass,0.0
1870,2228100,2228700,20.3,0.1,64901,Pass,0.0
1877,2230500,2230900,20.4,-7.6,10188,Pass,0.0
1886,2241500,2241500,-42.2,-12.9,99063,Pass,0.03
1893,2260500,2262900,-47.8,-3.7,35507,Pass,0.22
1897,2264300,2265700,-36.4,-28.8,15422,Pass,0.01
1901,2267700,2268700,-11.6,-31.0,56279,Pass,0.0
1904,2269600,2270900,-10.8,-19.3,10188,Pass,0.0
1908,2275400,2276900,6.0,10.6,22934,Pass,0.0
1911,2279900,2281800,15.6,30.5,12717,Pass,0.0
1916,2285800,2287000,-1.2,7.6,10597,Pass,0.0
1920,2287000,2288700,16.0,1.4,57599,Pass,0.0
1925,2291300,2293200,-2.4,18.4,11767,Pass,0.0
1931,2299000,2299800,-49.9,13.3,86518,Pass,0.03
1937,2299900,2302100,-48.6,0.2,15422,Pass,0.37
1941,2302000,2332800,-32.7,8.2,41245,Pass,0.07
1946,2342600,2350500,0.3,-0.4,16336,Pass,0.0
1950,2352300,2354100,-21.2,-20.7,15422,Pass,0.0
1955,2358500,2361400,-32.1,-7.3,35507,Pass,0.0
1961,2361600,2364379,15.6,-22.0,14324,Pass,0.0
1964,2364379,2364379,-6.4,-22.4,99063,Pass,0.0
1971,2377900,2378800,9.4,-34.1,56279,Pass,0.0
1973,2378800,2379600,15.0,-29.3,10342,Pass,0.0
1977,2380700,2381300,8.7,-32.8,56279,Pass,0.0
1981,2381800,2388600,12.1,-27.4,10342,Pass,0.0
1989,2388900,2388900,48.6,-16.3,14324,Pass,0.03
1995,2400400,2401500,37.1,-34.4,56279,Pass,0.01
1998,2402000,2403000,29.1,-30.0,10188,Pass,0.0
2006,2411800,2413400,48.0,-31.9,10342,Pass,0.01
2009,2413300,2415100,34.0,-33.8,56279,Pass,0.01
2017,2418100,2418100,37.4,-1.1,10447,Pass,0.2
2023,2430400,2432400,1.6,-34.1,56279,Pass,0.0
2028,2435700,2435700,10.5,-26.1,16336,Pass,0.0
2038,2458400,2458400,12.5,-26.1,57599,Pass,0.0
2043,2468000,2469900,-49.3,-3.9,35507,Pass,0.22
2048,2471400,2472900,-32.6,2.1,10188,Pass,0.07
2052,2474100,2474100,-36.5,26.6,10597,Pass,0.0
2058,2488700,2491100,-6.4,33.6,16029,Pass,0.0
2062,2495900,2497700,-30.9,31.4,86518,Pass,0.0
2065,2499000,2500600,-14.2,32.5,16029,Pass,0.0
2068,2502400,2503600,8.8,24.8,13603,Pass,0.0
2071,2506200,2507200,3.6,13.2,32454,Pass,0.0
2074,2509800,2511500,8.6,28.0,16029,Pass,0.0
2077,2512400,2514800,21.9,13.5,13603,Pass,0.0
2080,2518000,2519700,41.0,-0.8,10447,Pass,0.2
2083,2519900,2521600,22.7,-6.0,32454,Pass,0.0
2086,2522300,2524700,29.8,-26.2,57599,Pass,0.0
2089,2529200,2531200,41.9,-4.8,10447,Pass,0.08
2091,2531100,2533600,29.9,2.0,41245,Pass,0.0
2097,2538200,2542800,0.8,-27.3,57599,Pass,0.0
2106,2545500,2546000,-42.8,-24.4,10342,Pass,0.01
2110,2546000,2547200,-42.3,-26.4,14324,Pass,0.01
2113,2548500,2550300,-34.9,-19.3,98486,Pass,0.03
2116,2550800,2552700,-30.3,0.9,41245,Pass,0.0
2121,2556200,2587100,-48.6,13.0,86518,Pass,0.03
2125,2609000,2610600,0.4,-0.3,16336,Pass,0.0
2128,2611500,2613600,-15.1,-3.8,10188,Pass,0.0
2132,2614800,2614800,-22.5,-24.9,15422,Pass,0.0
2139,2631600,2631600,-8.4,-34.1,14324,Pass,0.0
2145,2662400,2665000,-30.4,-32.4,86518,Pass,0.0
2148,2665000,2665000,-49.8,7.8,98486,Pass,0.09
2157,2685800,2687800,-50.3,-4.1,35507,Pass,0.22
2160,2688400,2690400,-40.9,-24.6,15422,Pass,0.01
2164,2691700,2695100,-45.5,-10.0,35507,Pass,0.01
2168,2695000,2696500,5.0,-19.9,57599,Pass,0.0
2175,2696500,2698000,-11.1,-15.3,10188,Pass,0.0
2180,2702200,2703500,18.1,9.1,64901,Pass,0.0
2186,2706600,2706600,37.9,26.4,12717,Pass,0.01
2194,2733400,2738600,48.0,-7.6,10447,Pass,0.09
2199,2738700,2740100,-28.4,-10.0,15422,Pass,0.0
2201,2740100,2743900,-41.5,-2.0,35507,Pass,0.2
2205,2743900,2745500,-14.0,-30.2,10342,Pass,0.0
2212,2746400,2748400,-4.7,-27.4,14324,Pass,0.0
2218,2750200,2754000,-2.9,-15.7,22934,Pass,0.0
2221,2753600,2755100,37.2,-13.4,13603,Pass,0.03
2224,2754000,2753600,26.0,-13.5,16336,Pass,0.0
2228,2755000,2755000,40.6,-7.5,16029,Pass,0.08
2239,3702500,3703800,0.7,-0.5,86518,Pass,0.0
2244,3705500,3708900,-16.7,-1.5,13603,Pass,0.0
2246,3708800,3710100,28.0,25.7,98486,Pass,0.0
2253,3711500,3713735,41.1,30.8,99063,Pass,0.01
2258,3713735,3713900,47.5,19.9,10597,Pass,0.03
2261,3713800,3713800,46.8,25.9,10188,Pass,0.01
2270,3728800,3730000,12.3,34.1,14324,Pass,0.0
2274,3730600,3733300,17.4,26.0,98486,Pass,0.0
2281,3735000,3737400,17.1,32.6,63306,Pass,0.0
2286,3737400,3740300,-13.0,5.2,16029,Pass,0.0
2291,3747600,3750300,-41.0,4.5,10447,Pass,0.08
2294,3750300,3750300,-13.1,-30.5,16029,Pass,0.0
2302,3765500,3768000,-4.4,-34.2,13390,Pass,0.0
2308,3768300,3771300,-26.2,-28.2,16029,Pass,0.0
2313,3771300,3773635,7.7,-20.3,10597,Pass,0.0
2318,3773735,3774900,-16.1,-16.9,13603,Pass,0.0
2323,3775300,3776600,-1.6,-13.7,10188,Pass,0.0
2327,3780200,3783200,14.1,-13.7,10597,Pass,0.0
2330,3787700,3790100,35.3,4.2,35507,Pass,0.07
2334,3790300,3791100,0.2,14.5,63306,Pass,0.0
2339,3791100,3794900,3.9,15.2,32454,Pass,0.0
2347,3829000,3831300,37.7,4.7,35507,Pass,0.08
2351,3833200,3833200,29.0,-17.1,10597,Pass,0.0
2358,3854800,3854800,-31.3,-34.5,16029,Pass,0.0
2363,3877400,3880600,-11.3,-28.3,13603,Pass,0.0
2366,3880700,3882200,33.1,-19.7,11767,Pass,0.03
2371,3882600,3883400,35.4,-15.6,98486,Pass,0.03
2376,3884100,3885100,34.2,-7.6,11767,Pass,0.07
2380,3885000,3888600,36.2,2.0,56279,Pass,0.07
2386,3888600,3890400,21.6,-28.6,16029,Pass,0.0
2393,3896000,3896900,48.8,-23.6,98486,Pass,0.01
2398,3898600,3899600,37.6,-21.7,64901,Pass,0.01
2401,3900700,3904821,39.8,-17.4,10597,Pass,0.03
2404,3904821,3906132,26.1,-25.8,13390,Pass,0.0
2410,3906132,3906132,-7.1,-30.8,16029,Pass,0.0
2416,3912800,3915000,6.3,-34.1,13390,Pass,0.0
2420,3917100,3919300,26.9,-22.0,10597,Pass,0.0
2425,3921100,3923735,19.4,15.7,15422,Pass,0.0
2429,3923735,3925200,-22.0,26.4,14324,Pass,0.0
2432,3925100,3926200,-15.6,21.4,32454,Pass,0.0
2436,3926100,3926100,-22.5,30.9,14324,Pass,0.0
2443,3933900,3934800,13.6,34.7,15422,Pass,0.0
2446,3935200,3936400,8.6,29.7,10188,Pass,0.0
2450,3938300,3941000,22.1,31.0,15422,Pass,0.0
2453,3941300,3944700,28.7,-0.9,10597,Pass,0.0
2456,3945800,3946900,11.7,-31.6,12717,Pass,0.0
2459,3948200,3949800,23.1,-24.4,13390,Pass,0.0
2461,3949700,3952700,15.2,-2.6,10188,Pass,0.0
2465,3956800,3958600,36.0,6.3,35507,Pass,0.07
2470,3960800,3960800,6.3,-0.2,63306,Pass,0.0
2476,3981800,3984000,4.5,-34.3,16029,Pass,0.0
2479,3985300,3985900,22.0,-27.4,11767,Pass,0.0
2482,3986600,3987600,15.2,-29.6,41245,Pass,0.0
2485,3988400,3989300,4.6,-30.8,16029,Pass,0.0
2488,3991300,3992000,10.4,-26.8,11767,Pass,0.0
2491,3991900,3991900,2.2,-29.2,16029,Pass,0.0
2499,4007200,4007200,13.8,-34.2,13390,Pass,0.0
2505,4023300,4024200,-13.6,-27.9,22934,Pass,0.0
2508,4025200,4027200,-6.8,-25.9,13390,Pass,0.0
2513,4030300,4030300,-9.1,15.6,15422,Pass,0.0
2520,4054600,4058600,-48.8,-4.1,10447,Pass,0.22
2525,4058700,4060900,14.7,7.1,10188,Pass,0.0
2532,4062200,4063600,17.2,26.7,11767,Pass,0.0
2535,4064100,4065400,25.6,31.9,99063,Pass,0.0
2538,4066500,4067700,9.8,30.8,14324,Pass,0.0
2541,4068400,4069400,18.2,33.3,99063,Pass,0.0
2544,4070200,4071300,12.1,27.6,86518,Pass,0.0
2547,4072200,4073100,-1.0,32.5,14324,Pass,0.0
2551,4073300,4073300,0.9,25.0,32454,Pass,0.0
2557,4088000,4088800,-1.8,34.3,56279,Pass,0.0
2559,4088800,4090300,-6.1,26.3,22934,Pass,0.0
2564,4093000,4096900,-4.3,27.1,63306,Pass,0.0
2568,4101200,4103900,-0.5,-15.5,13390,Pass,0.0
2571,4105300,4106600,-16.8,25.4,56279,Pass,0.0
2575,4114500,4115500,-28.5,17.1,63306,Pass,0.0
2582,4118100,4119100,-31.4,-2.4,16336,Pass,0.0
2586,4119200,4119900,-33.2,-3.5,57599,Pass,0.07
2589,4121000,4122300,-24.8,-2.1,11767,Pass,0.0
2593,4122200,4125200,-31.4,8.6,14324,Pass,0.0
2599,4127100,4130500,7.0,-27.2,10597,Pass,0.0
2603,4130700,4132400,31.9,-10.7,35507,Pass,0.0
2607,4134900,4136500,21.7,1.5,13390,Pass,0.0
2610,4136400,4137700,1.3,5.6,63306,Pass,0.0
2615,4138800,4139500,7.5,5.8,98486,Pass,0.0
2619,4140400,4142964,-0.1,8.7,57599,Pass,0.0
2621,4142964,4143200,15.2,-16.0,86518,Pass,0.0
2626,4144900,4145735,16.3,12.6,98486,Pass,0.0
2631,4145735,4147900,10.4,16.5,63306,Pass,0.0
2636,4149200,4149600,21.2,26.2,99063,Pass,0.0
2639,4149500,4152900,21.1,20.1,10188,Pass,0.0
2645,4160900,4162800,42.6,6.2,35507,Pass,0.08
2648,4163700,4165500,35.2,-15.3,10597,Pass,0.03
2652,4167400,4169600,40.2,3.1,35507,Pass,0.2
2656,4169500,4171000,9.5,10.4,32454,Pass,0.0
2663,4173500,4176100,12.6,20.9,10188,Pass,0.0
2666,4176000,4176000,-24.9,10.0,13603,Pass,0.0
2675,4200188,4202600,-29.8,34.6,14324,Pass,0.0
2678,4202500,4204000,-7.4,29.4,98486,Pass,0.0
2685,4208600,4209800,8.0,4.3,22934,Pass,0.0
2687,4209700,4210900,12.2,-9.7,13390,Pass,0.0
2691,4212900,4214500,18.1,1.2,10597,Pass,0.0
2694,4216000,4218400,20.0,-15.3,13390,Pass,0.0
2697,4218300,4221700,40.2,1.3,35507,Pass,0.2
2702,4221600,4223600,-13.2,3.6,13603,Pass,0.0
2708,4224800,4226000,-5.6,18.3,10188,Pass,0.0
2711,4227300,4228100,-10.8,29.5,56279,Pass,0.0
2715,4229200,4230100,-14.4,17.7,63306,Pass,0.0
2720,4230100,4231300,-26.0,21.6,14324,Pass,0.0
2727,4233100,4233100,-44.3,9.8,56279,Pass,0.08
2737,4328200,4349500,-40.5,-0.3,16336,Pass,0.2
2743,4366300,4378735,0.4,-0.4,98486,Pass,0.0
2746,4378735,4378900,10.7,1.9,11767,Pass,0.0
2751,4380100,4382400,37.5,2.0,35507,Pass,0.2
2754,4382400,4383700,29.2,-11.9,10597,Pass,0.0
2759,4385700,4388500,11.6,-10.0,22934,Pass,0.0
2764,4390800,4391900,-22.2,31.6,56279,Pass,0.0
2768,4391900,4392700,-35.4,13.1,57599,Pass,0.03
2771,4393400,4395900,-28.1,9.8,32454,Pass,0.0
2774,4395900,4397800,-34.6,26.4,14324,Pass,0.01
2778,4398600,4399600,-9.5,17.3,98486,Pass,0.0
2780,4399600,4401900,-18.2,16.3,32454,Pass,0.0
2785,4404800,4406300,0.3,-31.5,86518,Pass,0.0
2788,4407000,4408000,-14.1,-26.6,16029,Pass,0.0
2791,4408800,4409800,-12.0,-17.0,32454,Pass,0.0
2793,4409800,4411100,-20.3,-15.2,13603,Pass,0.0
2798,4412600,4412600,-13.0,-28.9,16029,Pass,0.0
2804,4418400,4423700,28.6,-34.4,13390,Pass,0.0
2808,4430100,4432300,-6.6,-13.2,22934,Pass,0.0
2811,4434200,4436900,0.6,-22.6,13390,Pass,0.0
2814,4438100,4439900,-5.6,7.3,10188,Pass,0.0
2817,4441600,4442800,-22.4,30.4,56279,Pass,0.0
2821,4444300,4447757,-16.3,23.5,10188,Pass,0.0
2823,4447757,4447900,-21.9,29.1,56279,Pass,0.0
2827,4449100,4450500,-14.2,-1.6,22934,Pass,0.0
2832,4451600,4452000,-42.4,-5.7,16336,Pass,0.08
2841,4455900,4456800,-46.2,13.7,13603,Pass,0.03
2845,4456700,4457900,-31.6,19.5,56279,Pass,0.0
2851,4458400,4461000,-38.9,22.2,14324,Pass,0.01
2859,4471500,4473400,-50.7,28.5,56279,Pass,0.01
2861,4473300,4474100,-32.5,25.4,10188,Pass,0.0
2866,4475600,4475800,-31.2,29.8,63306,Pass,0.0
2871,4475800,4475800,-32.5,25.1,32454,Pass,0.0
2879,4492800,4494200,-51.6,32.3,10188,Pass,0.01
2882,4495200,4496400,-48.3,20.9,63306,Pass,0.01
2886,4497600,4499900,-34.1,19.8,10188,Pass,0.03
2890,4500300,4500300,-50.1,-10.8,16336,Pass,0.03
2900,4547200,4550700,-47.5,-5.2,10447,Pass,0.09
2905,4550700,4552500,6.7,-22.2,12717,Pass,0.0
2911,4552600,4553600,0.1,-11.4,32454,Pass,0.0
2914,4553600,4556300,-5.2,-22.1,16029,Pass,0.0
2919,4556400,4558900,19.3,-18.8,10597,Pass,0.0
2925,4559200,4561100,4.0,-22.5,64901,Pass,0.0
2929,4561400,4562400,-7.1,-14.0,13603,Pass,0.0
2933,4562500,4563800,-2.7,-9.6,32454,Pass,0.0
2938,4563700,4564700,8.8,-8.6,15422,Pass,0.0
2942,4565900,4568300,3.6,-12.2,22934,Pass,0.0
2946,4570900,4572800,16.7,2.1,10597,Pass,0.0
2950,4577600,4578600,-2.9,24.7,15422,Pass,0.0
2953,4579600,4581300,7.8,17.9,10188,Pass,0.0
2958,4583500,4588800,-4.3,-10.2,22934,Pass,0.0
2969,4592300,4597900,-38.2,-30.8,16029,Pass,0.01
2974,4599500,4601800,30.8,-20.0,35507,Pass,0.0
2977,4603000,4604800,13.2,7.4,15422,Pass,0.0
2981,4606800,4607800,-1.2,-11.7,22934,Pass,0.0
2983,4607800,4609600,-12.2,-13.5,64901,Pass,0.0
2987,4611000,4612500,-1.6,9.5,15422,Pass,0.0
2990,4615400,4616600,-8.5,23.9,10188,Pass,0.0
2993,4619200,4620900,-4.2,14.2,15422,Pass,0.0
2997,4624200,4625800,-11.0,-12.1,22934,Pass,0.0
3000,4628900,4630800,-17.3,-31.9,12717,Pass,0.0
3003,4631800,4633400,-0.1,-9.7,10597,Pass,0.0
3007,4639400,4640000,-13.6,14.3,15422,Pass,0.0
3011,4642200,4644700,-8.8,14.1,63306,Pass,0.0
3014,4646200,4647200,-22.7,-30.0,12717,Pass,0.0
3018,4648400,4650600,-15.9,-27.6,13390,Pass,0.0
3022,4650600,4654400,-34.6,2.9,57599,Pass,0.07
3025,4654500,4657400,-34.9,22.7,14324,Pass,0.01
3032,4659300,4660500,-10.1,-3.2,98486,Pass,0.0
3040,4663900,4666000,-13.3,1.1,13390,Pass,0.0
3045,4670800,4671494,-42.6,22.9,56279,Pass,0.01
3049,4671394,4671394,-45.6,19.8,14324,Pass,0.03
3056,4684200,4685900,-51.7,33.5,10188,Pass,0.01
3059,4686900,4692635,-36.4,19.3,63306,Pass,0.03
3065,4692735,4693500,-26.6,-9.9,12717,Pass,0.0
3069,4693500,4697000,-37.1,-7.0,13603,Pass,0.08
3073,4698100,4700100,-12.1,3.6,86518,Pass,0.0
3076,4700000,4701500,-1.1,0.0,10597,Pass,0.0
3081,4705700,4706700,-20.9,-23.0,12717,Pass,0.0
3086,4710100,4713700,-35.0,-22.1,16336,Pass,0.01
3097,4729600,4733900,-36.5,4.1,10447,Pass,0.0
3101,4733800,4733800,-0.6,-22.0,13390,Pass,0.0
3113,4793600,4795900,-31.1,-4.5,86518,Pass,0.0
3119,4797300,4799700,-30.7,-25.3,16029,Pass,0.0
3123,4799600,4800400,-8.7,-32.7,13390,Pass,0.0
3129,4800400,4802500,-18.8,-32.0,16029,Pass,0.0
3135,4807500,4807800,-30.0,-30.3,12717,Pass,0.0
3139,4808400,4809000,-27.5,-30.3,32454,Pass,0.0
3143,4809800,4811300,-21.4,-28.6,86518,Pass,0.0
3147,4812400,4812400,-14.3,-12.6,11767,Pass,0.0
3154,4818500,4820400,32.3,-34.7,10597,Pass,0.0
3157,4821900,4824200,42.1,-12.6,35507,Pass,0.03
3160,4825700,4826600,22.7,15.0,15422,Pass,0.0
3163,4828500,4830300,14.2,6.4,10188,Pass,0.0
3167,4831900,4833900,1.6,-10.3,22934,Pass,0.0
3170,4834900,4837000,-10.8,-31.6,12717,Pass,0.0
3173,4839500,4841300,8.8,-7.8,10597,Pass,0.0
3177,4845800,4848200,-17.1,-7.8,13390,Pass,0.0
3181,4853000,4854400,-36.7,30.7,56279,Pass,0.01
3185,4855200,4856900,-25.0,21.3,10188,Pass,0.0
3190,4857100,4860600,-44.2,-5.3,13603,Pass,0.08
3194,4861800,4862800,-42.9,-28.3,12717,Pass,0.01
3197,4863500,4864900,-34.7,-24.2,16336,Pass,0.01
3200,4866800,4867000,-32.3,-13.6,13390,Pass,0.0
3205,4869000,4870000,-23.2,-4.6,16336,Pass,0.0
3210,4871800,4871800,-21.4,6.1,10188,Pass,0.0
3216,4900200,4900200,-48.2,-4.7,10447,Pass,0.09
3224,4925900,4927100,9.3,-15.1,16682,Pass,0.0
3228,4927800,4927800,1.7,-22.9,16029,Pass,0.0
3234,4943900,4945300,37.5,-34.4,13390,Pass,0.01
3237,4945400,4945800,30.9,-27.3,10188,Pass,0.0
3241,4946000,4946000,34.9,-30.2,22934,Pass,0.01
3248,4969300,4971700,9.7,-34.3,16029,Pass,0.0
3256,4974900,4975800,43.0,-31.5,10597,Pass,0.01
3259,4976800,4976800,45.7,-20.3,13390,Pass,0.01
3268,5009300,5009300,-51.5,-34.4,22934,Pass,0.01
3276,5018700,5038800,-46.2,3.6,10447,Pass,0.2
3280,5039000,5040700,27.0,33.1,98486,Pass,0.0
3284,5040700,5041500,38.9,28.9,15422,Pass,0.01
3288,5042300,5043500,33.5,29.4,10188,Pass,0.01
3291,5044800,5046300,16.7,32.8,56279,Pass,0.0
3295,5047400,5052400,18.2,21.8,10188,Pass,0.0
3300,5052400,5052400,-40.9,-19.2,16029,Pass,0.03
3307,5061000,5063100,-44.7,-36.1,12717,Pass,0.01
3310,5064700,5070400,-24.7,-25.0,22934,Pass,0.0
3317,5074600,5076000,-36.0,17.1,56279,Pass,0.03
3323,5076000,5082400,-31.9,8.4,32454,Pass,0.0
3329,5085400,5088400,15.8,18.9,10597,Pass,0.0
3332,5089400,5091000,0.4,-13.6,22934,Pass,0.0
3335,5092300,5094400,3.8,3.9,10597,Pass,0.0
3337,5094400,5096900,-17.9,28.6,56279,Pass,0.0
3340,5096900,5098500,-8.0,20.0,15422,Pass,0.0
3345,5103800,5105100,-24.3,17.7,63306,Pass,0.0
3349,5106600,5107600,-16.9,-6.9,22934,Pass,0.0
3352,5108700,5111100,-12.7,-17.0,13390,Pass,0.0
3355,5112800,5114100,-21.1,23.8,15422,Pass,0.0
3358,5114600,5115900,-18.5,17.8,10188,Pass,0.0
3362,5116800,5120200,-33.5,28.4,15422,Pass,0.01
3368,5136200,5139900,-37.9,-9.4,10447,Pass,0.08
3373,5141300,5141300,11.7,-13.0,98486,Pass,0.0
3381,5166800,5181200,17.4,-26.6,32454,Pass,0.0
3386,5181200,5182800,38.2,6.1,10597,Pass,0.08
3391,5183200,5183400,22.9,2.5,36052,Pass,0.0
3398,5185300,5192100,21.0,12.3,16336,Pass,0.0
3407,5194700,5198800,-19.6,25.0,32454,Pass,0.0
3413,5201100,5202700,47.0,21.0,10597,Pass,0.0
3416,5202800,5204700,48.9,4.9,35507,Pass,0.09
3419,5205200,5207100,35.4,-13.0,13390,Pass,0.03
3423,5212800,5213900,-6.3,-17.4,22934,Pass,0.0
3427,5216400,5218500,-7.5,4.6,10188,Pass,0.0
3430,5220000,5221400,-25.7,30.4,56279,Pass,0.0
3433,5222300,5223100,-17.9,17.4,10188,Pass,0.0
3435,5223100,5224000,-20.6,10.8,63306,Pass,0.0
3439,5226400,5227300,-15.7,12.8,10188,Pass,0.0
3442,5228500,5235900,-20.7,20.9,63306,Pass,0.0
3447,5237800,5239200,6.7,-12.8,13390,Pass,0.0
3449,5239100,5240900,-8.2,-10.3,22934,Pass,0.0
3453,5242000,5243300,4.0,-13.6,13390,Pass,0.0
3456,5244500,5245800,-2.8,8.3,10188,Pass,0.0
3459,5246700,5253400,-19.4,3.5,63306,Pass,0.0
3465,5254400,5254400,-34.7,19.3,56279,Pass,0.03
3473,5284200,5288100,-47.8,-5.5,10447,Pass,0.09
3478,5288100,5288100,4.5,-28.2,13390,Pass,0.0
3487,5307300,5308600,-0.5,-34.2,16029,Pass,0.0
3490,5309100,5309100,18.0,-31.2,36052,Pass,0.0
3499,5326600,5326600,18.0,-34.4,16029,Pass,0.0
3504,5335000,5338000,48.0,-3.4,35507,Pass,0.22
3509,5340700,5342400,26.7,21.3,15422,Pass,0.0
3513,5346600,5348700,7.8,2.8,10188,Pass,0.0
3516,5349900,5351200,3.7,-14.3,10597,Pass,0.0
3518,5351200,5352300,-2.9,-2.0,10188,Pass,0.0
3522,5356000,5358300,6.0,-12.7,10597,Pass,0.0
3525,5359300,5361000,-1.5,16.6,15422,Pass,0.0
3528,5361600,5363300,-16.7,30.5,56279,Pass,0.0
3532,5367300,5369400,-42.8,24.5,63306,Pass,0.01
3535,5369400,5369400,-47.9,-2.2,12717,Pass,0.22
3544,5399000,5404695,-47.3,7.1,10447,Pass,0.09
3550,5404200,5405300,0.9,4.6,32454,Pass,0.0
3554,5404695,5404200,14.5,5.9,10597,Pass,0.0
3557,5405300,5406700,10.0,10.5,11767,Pass,0.0
3561,5406700,5407200,13.6,5.8,36052,Pass,0.0
3566,5407700,5408900,14.0,10.5,10188,Pass,0.0
3571,5411700,5414600,17.8,-7.3,13390,Pass,0.0
3574,5415000,5417900,-4.5,-29.3,22934,Pass,0.0
3578,5418400,5420300,-45.1,-29.1,12717,Pass,0.01
3585,5441100,5446300,-36.9,-7.2,10447,Pass,0.08
3589,5446800,5447700,22.7,-18.5,13390,Pass,0.0
3592,5448400,5449100,15.9,-16.9,10597,Pass,0.0
3596,5449200,5450800,10.7,-15.5,64901,Pass,0.0
3601,5451000,5452300,-4.8,-7.9,57599,Pass,0.0
3610,5455900,5457500,-10.7,3.8,64901,Pass,0.0
3619,5462400,5462400,-47.6,-26.5,13603,Pass,0.01
3625,5476300,5477100,-22.1,-34.4,13390,Pass,0.0
3627,5477100,5478500,-14.4,-31.2,22934,Pass,0.0
3631,5478400,5479700,-22.8,-32.8,13390,Pass,0.0
3636,5479700,5480500,-24.6,-15.4,32454,Pass,0.0
3641,5481000,5483400,-27.2,-21.2,16682,Pass,0.0
3647,5485200,5486900,4.9,-11.9,10597,Pass,0.0
3650,5488200,5489800,-0.8,13.9,15422,Pass,0.0
3654,5492300,5499800,-16.2,28.8,56279,Pass,0.0
3662,5501300,5505000,-40.9,6.9,14324,Pass,0.08
3670,5507400,5509000,-1.4,5.9,10597,Pass,0.0
3674,5511100,5512300,-8.8,-14.7,22934,Pass,0.0
3676,5512200,5513600,-4.3,-22.6,13390,Pass,0.0
3680,5514900,5516500,1.5,-1.4,10597,Pass,0.0
3683,5517300,5518400,-4.7,20.4,15422,Pass,0.0
3685,5518300,5519300,-9.7,11.0,10188,Pass,0.0
3689,5523500,5524600,-7.4,21.0,15422,Pass,0.0
3692,5526500,5528500,-16.1,28.7,56279,Pass,0.0
3695,5529000,5530800,-3.5,24.6,15422,Pass,0.0
3699,5534100,5535300,1.3,-3.0,10597,Pass,0.0
3702,5538500,5540300,-2.0,3.4,10188,Pass,0.0
3706,5542700,5544100,-17.9,22.1,15422,Pass,0.0
3710,5544900,5546500,-32.2,31.7,56279,Pass,0.0
3717,5548000,5548000,-50.9,28.4,57599,Pass,0.01
3723,5556500,5559300,-41.9,34.4,56279,Pass,0.01
3727,5560700,5563000,-11.4,25.7,15422,Pass,0.0
3731,5565000,5566300,-3.9,-5.0,10597,Pass,0.0
3734,5567600,5568700,-2.4,-18.3,13390,Pass,0.0
3737,5570000,5572600,5.2,-5.2,10597,Pass,0.0
3741,5574100,5575100,-17.7,28.4,63306,Pass,0.0
3747,5576500,5576500,-42.0,20.2,14324,Pass,0.01
3753,5582800,5583800,-44.9,34.5,63306,Pass,0.01
3757,5586500,5589300,-50.9,28.7,56279,Pass,0.01
3762,5589400,5590700,-33.6,0.9,98486,Pass,0.07
3766,5591900,5594200,-20.9,-6.6,22934,Pass,0.0
3769,5595400,5597300,0.8,-0.3,10597,Pass,0.0
3772,5598300,5599500,-4.8,22.2,15422,Pass,0.0
3775,5601800,5604600,-12.1,14.2,10188,Pass,0.0
3779,5607900,5609100,-19.4,-22.1,13390,Pass,0.0
3782,5609900,5610900,-12.2,-13.1,22934,Pass,0.0
3785,5612100,5614700,-12.7,-0.9,10188,Pass,0.0
3788,5616400,5617700,-25.7,30.2,63306,Pass,0.0
3792,5618400,5618700,-41.4,21.8,56279,Pass,0.01
3796,5618600,5618600,-41.7,19.3,57599,Pass,0.03
3804,5627800,5630500,-46.3,34.6,56279,Pass,0.01
3807,5631300,5633000,-20.4,26.2,15422,Pass,0.0
3810,5633300,5635700,-32.0,34.0,56279,Pass,0.0
3813,5636000,5637000,-18.4,23.4,15422,Pass,0.0
3817,5640800,5642300,-24.1,10.4,10188,Pass,0.0
3820,5643600,5645600,-30.5,29.6,56279,Pass,0.0
3823,5645500,5646300,-42.1,-3.7,64901,Pass,0.2
3832,5661000,5663500,-36.7,4.5,10447,Pass,0.08
3835,5663500,5663500,12.6,24.1,98486,Pass,0.0
3842,5668000,5670300,10.1,36.4,15422,Pass,0.0
3844,5670200,5671600,9.8,15.3,22934,Pass,0.0
3847,5671500,5673100,10.5,30.5,15422,Pass,0.0
3851,5674600,5676200,20.4,19.7,10188,Pass,0.0
3855,5679200,5680700,13.7,-3.7,10597,Pass,0.0
3860,5683700,5685400,-4.0,6.4,10188,Pass,0.0
3864,5686300,5686300,-26.9,-14.0,16029,Pass,0.0
3874,5711476,5712900,-6.4,-34.2,16029,Pass,0.0
3878,5712800,5715200,13.5,-30.1,12717,Pass,0.0
3885,5715100,5716400,5.4,-19.4,32454,Pass,0.0
3889,5716300,5717600,15.0,-19.6,10188,Pass,0.0
3894,5719000,5721000,3.3,-1.6,63306,Pass,0.0
3899,5724800,5726600,-0.3,27.7,56279,Pass,0.0
3902,5727300,5730300,5.5,12.2,15422,Pass,0.0
3904,5730200,5734900,3.9,-9.6,22934,Pass,0.0
3909,5740500,5742600,-1.1,28.1,15422,Pass,0.0
3912,5743700,5745300,11.6,8.5,10597,Pass,0.0
3915,5747400,5749000,3.1,-11.4,22934,Pass,0.0
3919,5754300,5756500,-23.5,-7.1,16336,Pass,0.0
3923,5757900,5757900,-33.0,-26.6,13390,Pass,0.01
3931,5781500,5792600,-47.9,6.7,10447,Pass,0.09
3936,5792600,5792600,19.0,25.6,15422,Pass,0.0
3943,5807400,5810300,4.3,34.1,14324,Pass,0.0
3947,5811400,5813900,23.2,21.4,11767,Pass,0.0
3953,5815500,5817600,36.7,-9.6,35507,Pass,0.08
3957,5821200,5822200,-1.1,-25.7,13390,Pass,0.0
3959,5822100,5823500,-10.5,-31.7,12717,Pass,0.0
3964,5827700,5827700,-14.2,-35.1,22934,Pass,0.0
3970,5833200,5835000,-19.4,-35.0,12717,Pass,0.0
3974,5837700,5839400,8.2,-16.3,10597,Pass,0.0
3978,5840900,5842600,0.2,13.6,15422,Pass,0.0
3982,5845100,5845735,-16.3,30.4,56279,Pass,0.0
3987,5845735,5845900,-19.0,29.7,14324,Pass,0.0
3991,5847100,5848100,-19.9,33.0,56279,Pass,0.0
3994,5848100,5848700,-29.5,28.1,10188,Pass,0.0
4000,5849000,5852400,-25.5,31.2,14324,Pass,0.0
4006,5852400,5853600,-10.3,20.7,15422,Pass,0.0
4008,5853600,5855500,-17.3,27.2,56279,Pass,0.0
4012,5857100,5858600,7.4,11.3,10597,Pass,0.0
4015,5859900,5861300,2.2,-13.4,13390,Pass,0.0
4019,5863200,5866800,-4.4,-32.0,12717,Pass,0.0
4022,5868600,5870200,10.9,-2.4,10597,Pass,0.0
4026,5875700,5876700,-6.4,24.6,15422,Pass,0.0
4029,5878100,5879500,-15.2,33.1,56279,Pass,0.0
4032,5880500,5882400,-3.3,23.3,15422,Pass,0.0
4036,5884000,5884900,1.1,-4.5,10597,Pass,0.0
4038,5884800,5885900,-9.3,-10.7,22934,Pass,0.0
4041,5885800,5888700,1.8,-18.9,13390,Pass,0.0
4046,5891500,5891700,-28.0,-32.4,64901,Pass,0.0
4054,5900200,5903100,5.9,-29.4,64901,Pass,0.0
4056,5903100,5905000,37.5,-15.0,35507,Pass,0.03
4060,5905200,5907800,28.8,-10.2,10597,Pass,0.0
4065,5909300,5911200,-1.3,26.5,63306,Pass,0.0
4072,5914900,5916600,-38.1,31.9,14324,Pass,0.01
4077,5918000,5919300,-23.4,32.4,63306,Pass,0.0
4085,5922000,5923000,-34.2,17.2,57599,Pass,0.03
4088,5922900,5925500,-36.6,9.2,13603,Pass,0.08
4095,5933300,5934700,-16.6,18.9,10188,Pass,0.0
4099,5938800,5945800,-33.8,24.4,56279,Pass,0.01
4104,5945900,5947500,1.7,12.8,10597,Pass,0.0
4109,5951600,5953837,-18.3,18.1,10188,Pass,0.0
4114,5953837,5954000,-26.1,6.8,98486,Pass,0.0
4118,5954300,5955000,-32.5,0.5,16336,Pass,0.0
4122,5955200,5956700,-27.6,-0.9,63306,Pass,0.0
4126,5956800,5958200,-38.4,-10.2,16029,Pass,0.03
4131,5969700,5974500,-36.7,-5.0,10447,Pass,0.08
4135,5975600,5976100,7.7,-11.1,11767,Pass,0.0
4138,5976900,5977700,5.7,-15.4,16682,Pass,0.0
4143,5980000,5982700,18.8,-27.9,11767,Pass,0.0
4147,5982700,5984600,36.1,6.8,15422,Pass,0.07
4152,5987800,5989000,36.6,-4.0,35507,Pass,0.2
4156,5995900,5997400,-20.2,-15.9,10188,Pass,0.0
4159,5997800,5999000,-29.9,-32.9,12717,Pass,0.0
4163,6001500,6003100,-43.2,-28.2,10188,Pass,0.01
4167,6003300,6003600,-30.5,-8.6,16336,Pass,0.0
4171,6003700,6005300,-29.3,-7.3,98486,Pass,0.0
4176,6006200,6010900,-23.4,-17.7,16029,Pass,0.0
4180,6011000,6012600,19.2,-6.2,35507,Pass,0.0
4183,6013300,6014700,14.0,0.9,10597,Pass,0.0
4187,6016700,6018600,-1.1,-9.0,22934,Pass,0.0
4191,6022000,6022900,-20.2,-18.6,13390,Pass,0.0
4195,6023100,6024400,-31.9,-7.7,16336,Pass,0.0
4199,6024600,6025100,-30.0,-3.2,13603,Pass,0.0
4202,6026100,6027200,-23.3,0.3,32454,Pass,0.0
4206,6027500,6028000,-20.1,-4.8,11767,Pass,0.0
4209,6030200,6031600,-14.6,1.8,98486,Pass,0.0
4213,6033900,6035100,-6.8,-13.8,16682,Pass,0.0
4217,6035800,6035800,3.8,-24.7,11767,Pass,0.0
4223,6079800,6081100,-0.2,-34.3,12717,Pass,0.0
4227,6083700,6089000,4.9,-25.5,13390,Pass,0.0
4231,6089400,6090800,-30.1,1.8,10447,Pass,0.0
4236,6091500,6095600,-23.4,15.5,14324,Pass,0.0
4240,6096100,6098100,26.5,23.5,15422,Pass,0.0
4243,6098100,6099400,32.1,7.7,35507,Pass,0.0
4247,6102100,6103480,18.2,0.2,10597,Pass,0.0
4250,6103680,6104860,6.0,11.4,10188,Pass,0.0
4253,6105960,6106800,14.5,2.0,10597,Pass,0.0
4256,6108100,6110000,4.3,11.6,10188,Pass,0.0
4260,6113300,6114900,-22.3,30.4,56279,Pass,0.0
4264,6120000,6120800,-11.3,7.9,10188,Pass,0.0
4268,6123800,6126400,-24.7,-5.1,63306,Pass,0.0
4273,6127500,6128600,-48.3,-15.8,12717,Pass,0.03
4277,6128500,6130900,-46.2,3.9,14324,Pass,0.2
4282,6132800,6134100,-23.8,16.1,15422,Pass,0.0
4285,6135600,6136700,-15.6,13.5,10188,Pass,0.0
4288,6138100,6140032,-16.4,-2.9,22934,Pass,0.0
4290,6140032,6140600,-35.1,-5.3,16336,Pass,0.07
4295,6140800,6140800,-29.2,3.8,12717,Pass,0.0
4306,6192900,6196800,-47.9,-6.2,10447,Pass,0.09
4309,6196700,6198400,8.7,-16.9,22934,Pass,0.0
4315,6198900,6200800,6.4,-27.5,12717,Pass,0.0
4319,6202200,6202200,14.4,-35.4,22934,Pass,0.0
4325,6208700,6210700,14.2,-35.0,13390,Pass,0.0
4328,6212000,6214100,30.2,-21.2,10597,Pass,0.0
4332,6216900,6218300,16.1,18.4,15422,Pass,0.0
4335,6219900,6223300,7.0,9.7,10188,Pass,0.0
4338,6223300,6223300,-37.0,-16.1,17094,Pass,0.03
4348,6243900,6247600,-47.2,-6.1,10447,Pass,0.09
4352,6247800,6249800,9.6,-26.8,13390,Pass,0.0
4358,6249900,6251200,11.3,-32.8,22934,Pass,0.0
4362,6251100,6252900,2.9,-31.2,16682,Pass,0.0
4369,6257600,6260100,24.1,14.9,15422,Pass,0.0
4373,6263600,6265300,-9.2,31.4,56279,Pass,0.0
4377,6267600,6271000,-3.3,19.6,15422,Pass,0.0
4384,6271000,6273100,-36.2,-9.4,13603,Pass,0.07
4388,6273100,6275200,-22.5,-1.2,22934,Pass,0.0
4391,6277000,6278300,-31.9,27.5,56279,Pass,0.0
4394,6280000,6281200,-22.6,19.2,10188,Pass,0.0
4397,6282400,6284200,-17.3,-1.1,22934,Pass,0.0
4401,6286100,6288100,-15.7,-19.6,13390,Pass,0.0
4404,6288100,6288600,-35.9,-1.0,63306,Pass,0.07
4409,6289100,6290500,-40.4,-6.3,13603,Pass,0.08
4415,6291400,6291400,-40.7,-17.3,16029,Pass,0.03
4422,6297400,6300400,-38.4,-34.1,12717,Pass,0.01
4426,6301700,6304000,-8.9,-18.8,10597,Pass,0.0
4430,6306500,6308300,-4.3,10.6,15422,Pass,0.0
4434,6309300,6314400,-18.8,31.8,56279,Pass,0.0
4438,6314600,6316800,-47.3,-16.8,16029,Pass,0.03
4443,6318100,6318300,-50.2,-15.5,13603,Pass,0.03
4447,6318300,6318300,-49.6,-15.1,12717,Pass,0.03
4456,6339300,6341300,-50.6,-34.1,22934,Pass,0.01
4460,6341300,6343400,-46.4,-2.2,16161,Pass,0.2
4464,6343500,6346900,-42.7,-10.4,13603,Pass,0.03
4467,6346800,6350858,-11.1,-7.4,10597,Pass,0.0
4471,6350858,6350858,-13.8,4.3,12717,Pass,0.0
4481,6413200,6413200,-43.5,-7.6,10447,Pass,0.08
4489,6426100,6427600,40.8,-36.4,13390,Pass,0.01
4491,6427600,6428500,34.9,-29.5,10188,Pass,0.01
4494,6428400,6432400,40.8,-34.2,13390,Pass,0.01
4499,6432500,6434200,7.6,-1.4,17094,Pass,0.0
4503,6434200,6436400,-2.2,-7.3,13603,Pass,0.0
4509,6436800,6437100,10.0,-7.9,36052,Pass,0.0
4513,6438200,6438700,13.5,-10.4,10597,Pass,0.0
4516,6439400,6440300,8.8,-17.5,22934,Pass,0.0
4519,6440500,6441700,14.6,-23.5,13390,Pass,0.0
4522,6443100,6444600,21.4,-12.0,10597,Pass,0.0
4525,6445800,6447600,15.8,13.1,15422,Pass,0.0
4529,6449600,6452300,-10.4,28.5,56279,Pass,0.0
4535,6464600,6464600,-38.4,-10.8,10447,Pass,0.03
4540,6482300,6486837,9.7,-16.7,32454,Pass,0.0
4542,6485700,6485700,25.9,-33.4,36052,Pass,0.0
4545,6486837,6485700,30.0,-26.9,98486,Pass,0.0
4551,6500800,6502500,21.0,-26.4,16682,Pass,0.0
4554,6500853,6500800,9.5,-31.6,16029,Pass,0.0
4559,6506300,6507400,46.9,-29.0,16161,Pass,0.01
4563,6510200,6510900,44.1,-33.5,36052,Pass,0.01
4566,6511200,6512200,38.4,-32.1,16161,Pass,0.01
4568,6512200,6512200,41.4,-24.5,98486,Pass,0.01
4575,6554300,6555000,49.0,-26.8,36052,Pass,0.01
4581,6559500,6559500,51.3,-32.8,98486,Pass,0.01
4588,6562200,6564100,46.6,-34.4,13390,Pass,0.01
4591,6565100,6566300,28.4,-30.5,12717,Pass,0.0
4595,6568100,6568100,14.8,-28.5,17094,Pass,0.0
4603,6584400,6586100,13.4,-23.5,16161,Pass,0.0
4609,6589300,6590800,48.5,-25.3,10597,Pass,0.01
4612,6592000,6594800,45.1,3.6,35507,Pass,0.2
4615,6595500,6598401,19.2,23.4,15422,Pass,0.0
4617,6598401,6598600,-16.8,-10.3,17094,Pass,0.0
4621,6598700,6600921,2.1,18.8,10188,Pass,0.0
4623,6600921,6602300,-19.7,-11.0,17094,Pass,0.0
4628,6603600,6605900,6.5,0.3,10597,Pass,0.0
4632,6607300,6609700,-4.9,-27.9,13390,Pass,0.0
4636,6610000,6611100,-31.7,3.5,32454,Pass,0.0
4639,6611800,6612500,-27.1,6.6,16161,Pass,0.0
4643,6613300,6617700,-33.4,8.0,57599,Pass,0.07
4650,6618700,6620600,7.9,-22.2,10597,Pass,0.0
4656,6624100,6627500,20.1,3.6,35507,Pass,0.0
4661,6627700,6629400,-21.5,-11.6,13603,Pass,0.0
4668,6630100,6630600,-17.6,-6.5,22934,Pass,0.0
4671,6630500,6631800,-18.4,1.0,16161,Pass,0.0
4675,6631700,6633800,-31.1,-7.5,13603,Pass,0.0
4680,6635300,6637300,-8.6,-7.4,13390,Pass,0.0
4684,6638500,6641100,-10.8,20.7,15422,Pass,0.0
4686,6641000,6641000,-32.4,-9.8,16029,Pass,0.0
